kind,enterprise,product,manufacturer,col5,col6
Fitoterápico,Ace Health Care Lda.,Rinzfresh,Sydler remedies,India,02/05/2017
Fitoterápico,"GENERICS & SPECIALITIES, LDA",HERBAL GLYCERINE SOAP(GLIVERA),Kavit Soap Indus,India,23/11/2017
Fitoterápico,BEST CONFORTS,Wild horse,World Tianjin Nu,China,23/12/2016
Fitoterápico,"GENERICS & SPECIALITIES, LDA",Herbal cough lozenges( Tossil Orange),Mehta Herbals P,India,25/01/2018
Fitoterápico,"GENERICS & SPECIALITIES, LDA",Herbal cough lozenges( Tossil Lemon ),Mehta Herbals P,India,25/01/2018
Fitoterápico,"GENERICS & SPECIALITIES, LDA",Herbal cough lozenges( Tosil Mint),Mehta Herbals P,India,25/01/2018
Fitoterápico,"GENERICS & SPECIALITIES, LDA",HERBAL COUGH LOZENGES(Tossil Honey Ginger Herbal Cough Lozenges),Mehta Herbals P,India,25/01/2018
Fitoterápico,"GENERICS & SPECIALITIES, LDA",HERBAL COUGH LOZENGES(Tossil Menthol Plus),Mehta Herbals P,India,25/01/2018
Fitoterápico,"GENERICS & SPECIALITIES, LDA",HERBAL COUGH LOZENGES(Menthosil Orange Herbal Cough Lozenges),Mehta Herbals P,India,25/01/2018
Fitoterápico,"GENERICS & SPECIALITIES, LDA",HERBAL COUGH LOZENGES(Menthosil Lemon Herbal Cough Lozenges),Mehta Herbals P,India,25/01/2018
Fitoterápico,"GENERICS & SPECIALITIES, LDA",HERBAL COUGH LOZENGES(Menthosil Menthol Herbal Cough Lozenges),Mehta Herbals P,India,25/01/2018
Fitoterápico,"GENERICS & SPECIALITIES, LDA",Ostegen- Glucosamine with Chondroitin Softgel Capsules,Softgel Healthca,India,02/05/2017
Fitoterápico,"CASA NATURA, LDA.",Aloe Africana Extr. 1000ml,AFRICAN ALOE,Namibia,24/11/2016
Fitoterápico,"CASA NATURA, LDA.",Batata africana- Sutherlandia 50ml,AFRICAN ALOE,Namibia,24/11/2016
Fitoterápico,"CASA NATURA, LDA.",Bio- Gingkgo smart 90 capsulas,AFRICAN ALOE,Namibia,24/11/2016
Fitoterápico,"CASA NATURA, LDA./Opastac",Oleo de Ricino,AFRICAN ALOE,Namibia,24/11/2016
Fitoterápico,"CASA NATURA, LDA. Passou para Medi-Saude",Suplimax desintoxicacao do colon a base de plantas,AFRICAN ALOE,Namibia,24/11/2016
Fitoterápico,"CASA NATURA, LDA. Passou para Medi-Saude",Suplimax desintoxicacao do figado e bilis,AFRICAN ALOE,Namibia,24/11/2016
Fitoterápico,"CASA NATURA, LDA. Passou para Medi-Saude",Suplimax cuidado para diabeticos,AFRICAN ALOE,Namibia,24/11/2016
Fitoterápico,"CASA NATURA, LDA. Passou para Medi-Saude",Suplimax probiotico,AFRICAN ALOE,Namibia,24/11/2016
Fitoterápico,TMI,Florastor,"Uniao Quimica,",F Brasil,24/11/2016
Fitoterápico,TMI,Leiba,"Uniao Quimica,",F Brasil,24/11/2016
Fitoterápico,TMI,Agiolax,"BGP Products, U",Portugal,24/11/2016
Fitoterápico,TMI,Cholagutt A,"BGP Products, U",Portugal,24/11/2016
Fitoterápico,TMI,Cholagutt Detox,"BGP Products, U",Portugal,24/11/2016
Fitoterápico,TMI,Prospantus,Korangi-Produto,Portugal,16/12/2016
Fitoterápico,TMI,UL250,"Biocodex, 7 Av.",G Franca,16/12/2016
Fitoterápico,TMI,Buscomint,Sanofi- Produtos,Portugal,16/12/2016
Fitoterápico,TMI,Bronchodual Nex,Perrigo Portugal,Portugal,16/12/2016
Fitoterápico,TMI,Bronchodual,Perrigo Portugal,Portugal,16/12/2016
Fitoterápico,TMI,Bronchodual infantil,Perrigo Portugal,Portugal,16/12/2016
Fitoterápico,TMI,Ginkgo vital,Prati- Donaduzzi,Brasil,16/12/2016
Fitoterápico,TMI,Vigora Oleo de Coco,Prati- Donaduzzi,Brasil,16/12/2016
Fitoterápico,TMI,Cicatrigel,"Uniao Quimica,",F Brasil,16/12/2016
Fitoterápico,TMI,Carverol,"Uniao Quimica,",F Brasil,16/12/2016
Fitoterápico,"CASA NATURA, LDA.",Alho e salsa,FABUPHARM (P,Namibia,21/04/2017
Fitoterápico,"CASA NATURA, LDA.",Formula feminina,FABUPHARM (P,Namibia,21/04/2017
Fitoterápico,"CASA NATURA, LDA.",Ginkgo biloba,FABUPHARM (P,Namibia,21/04/2017
Fitoterápico,"CASA NATURA, LDA.",Libido extra,FABUPHARM (P,Namibia,21/04/2017
Fitoterápico,"Puer Orijins Sociedade Unipessoal/DLBB Distribuidor, Lda. Para a Puer Orijins Sociedade Unipessoal, Lda.",Tónico 1 Puer Orijins Circulação sanguínea.,Tones Family He,RSA,06/07/2018
Fitoterápico,"Puer Orijins Sociedade Unipessoal/DLBB Distribuidor, Lda. Para a Puer Orijins Sociedade Unipessoal, Lda.",Tónico 2 Desintoxicação (Fígado e Bile),Tones Family He,RSA,06/07/2018
Fitoterápico,"Puer Orijins Sociedade Unipessoal/DLBB Distribuidor, Lda. Para a Puer Orijins Sociedade Unipessoal, Lda.","Tónico 3 Puer Orijins Desintoxicação (Ouvido, Nariz e Garganta)",Tones Family He,RSA,06/07/2018
Fitoterápico,"Puer Orijins Sociedade Unipessoal/DLBB Distribuidor, Lda. Para a Puer Orijins Sociedade Unipessoal, Lda.",Tónico 4 Puer Orijins (Feminino),Tones Family He,RSA,06/07/2018
Fitoterápico,"Puer Orijins Sociedade Unipessoal/DLBB Distribuidor, Lda. Para a Puer Orijins Sociedade Unipessoal, Lda.",Tónico 5 Puer Orijins (Coração),Tones Family He,RSA,06/07/2018
Fitoterápico,"Puer Orijins Sociedade Unipessoal/DLBB Distribuidor, Lda. Para a Puer Orijins Sociedade Unipessoal, Lda.",Tónico 6 Puer Orijins (Imune),Tones Family He,RSA,06/07/2018
Fitoterápico,"Puer Orijins Sociedade Unipessoal/DLBB Distribuidor, Lda. Para a Puer Orijins Sociedade Unipessoal, Lda.",Tónico 7 Puer Orijins (Rim e Bexiga),Tones Family He,RSA,06/07/2018
Fitoterápico,"Puer Orijins Sociedade Unipessoal/DLBB Distribuidor, Lda. Para a Puer Orijins Sociedade Unipessoal, Lda.",Tónico 8 Puer Orijins Pulmões (Respiratório),Tones Family He,RSA,06/07/2018
Fitoterápico,"Puer Orijins Sociedade Unipessoal/DLBB Distribuidor, Lda. Para a Puer Orijins Sociedade Unipessoal, Lda.",Tónico 9 Puer Orijins (Masculino),Tones Family He,RSA,06/07/2018
Fitoterápico,"Puer Orijins Sociedade Unipessoal/DLBB Distribuidor, Lda. Para a Puer Orijins Sociedade Unipessoal, Lda.",Tónico 10 Puer Orijins Músculos e Articulações,Tones Family He,RSA,06/07/2018
Fitoterápico,"Puer Orijins Sociedade Unipessoal/DLBB Distribuidor, Lda. Para a Puer Orijins Sociedade Unipessoal, Lda.",Tónico 11 Puer Orijins Nervos e Cérebro,Tones Family He,RSA,06/07/2018
Fitoterápico,"Puer Orijins Sociedade Unipessoal/DLBB Distribuidor, Lda. Para a Puer Orijins Sociedade Unipessoal, Lda.",Tónico 12 Puer Orijins (Pele),Tones Family He,RSA,06/07/2018
Fitoterápico,"Puer Orijins Sociedade Unipessoal/DLBB Distribuidor, Lda. Para a Puer Orijins Sociedade Unipessoal, Lda.",Tónico 13 Puer Orijins (Digestive),Tones Family He,RSA,06/07/2018
Fitoterápico,"Puer Orijins Sociedade Unipessoal/DLBB Distribuidor, Lda. Para a Puer Orijins Sociedade Unipessoal, Lda.",Tónico 14 Puer Orijins Calmante (Digestivo),Tones Family He,RSA,06/07/2018
Fitoterápico,DYNAPHARM MOZ,Diamond Nutmeg Ointment,Dynapharm Her,b Malasia,11/06/2018
Fitoterápico,DYNAPHARM MOZ,D.I.Noni Syrup,Dynapharm Her,b Malasia,11/06/2018
Fitoterápico,DYNAPHARM MOZ,Dyna Hinhaler,Dynapharm Her,b Malasia,11/06/2018
Fitoterápico,DYNAPHARM MOZ,D.I. None Plus Tea,Dynapharm Her,b Malasia,11/06/2018
Fitoterápico,DYNAPHARM MOZ,Yeegano,Dynapharm Her,b Malasia,12/06/2018
Fitoterápico,DYNAPHARM MOZ,Ginali,Dynapharm Her,b Malasia,13/06/2018
Fitoterápico,DYNAPHARM MOZ,Ginseng,Dynapharm Her,b Malasia,11/06/2018
Fitoterápico,DYNAPHARM MOZ,Tongkat Ali,Dynapharm Her,b Malasia,11/06/2018
Fitoterápico,DYNAPHARM MOZ,Yeegarlic Capsula,Dynapharm Her,b Malasia,11/06/2018
Fitoterápico,DYNAPHARM MOZ,Yeeginkgo Tablets,Dynapharm Her,b Malasia,11/06/2018
Fitoterápico,DYNAPHARM MOZ,Yeeyanyen,Dynapharm Her,b Malasia,11/06/2018
Fitoterápico,DYNAPHARM MOZ,PRO-LSB,Dynapharm Her,b Malasia,11/06/2018
Fitoterápico,DYNAPHARM MOZ,Ganoderma Capsula,Dynapharm Her,b Malasia,11/06/2018
Fitoterápico,DYNAPHARM MOZ,Green Tea Extract.,Dynapharm Her,b Malasia,11/06/2018
Fitoterápico,DYNAPHARM MOZ,herbal warisan Maharani,Dynapharm Her,b Malasia,11/06/2018
Fitoterápico,DYNAPHARM MOZ,Dyna tonico,Dynapharm Her,b Malasia,11/06/2018
Fitoterápico,DYNAPHARM MOZ,Sea Cucumber Plus Syrup,Dynapharm Her,b Malasia,11/06/2018
Fitoterápico,DYNAPHARM MOZ,D.I. Cucumber gel,Dynapharm Her,b Malasia,11/06/2018
Fitoterápico,DYNAPHARM MOZ,D.I. Liquid Chlorophiyll Plus Guarana,Dynapharm Her,b Malasia,11/06/2018
Fitoterápico,DYNAPHARM MOZ,DYNA Serenoa Tablet,Dynapharm Her,b Malasia,11/06/2018
Fitoterápico,DYNAPHARM MOZ,Eye - Max capsulas,Dynapharm Her,b Malasia,11/06/2018
Fitoterápico,"GENERICS & SPECIALITIES, LDA",Coldrub Vaporising Ointment,East African (Ind,India,12/06/2018
Fitoterápico,EMS Pharma (PROPERTY),Karvol Chest Spray,"Incolabs(Pty)., L",t RSA,11/04/2016
Fitoterápico,EMS Pharma (PROPERTY),Karvol Chest Rub,"Incolabs(Pty)., L",t RSA,11/04/2016
Fitoterápico,EMS Pharma (PROPERTY),Karvol Capsulas,"Incolabs(Pty)., L",t RSA,11/04/2016
Fitoterápico,EXPOAFRICA,Rocky Capsules,Impulse Product,s R.S.A.,11/04/2016
Fitoterápico,GENERA UNIPESSOAL,Valrem,Infosaude- Portu,Portugal,11/04/2016
Fitoterápico,"GENERICS & SPECIALITIES, LDA",Dra. Mae Bonnies Gripe water,East African (Ind,India,18/06/2018
Fitoterápico,"GENERICS & SPECIALITIES, LDA",Eucalyotus Oil BP,Softgel Healthca,India,18/06/2018
Fitoterápico,"GENERICS & SPECIALITIES, LDA",Castor Oil,Mehta Herbals P,India,18/06/2018
Fitoterápico,"GENERICS & SPECIALITIES, LDA",OROGARD SR Mouth Ulcer Gel,East African (Ind,India,18/10/2019
Fitoterápico,"GENERICS & SPECIALITIES, LDA",HERBAL ANTI-ACNE SOAP(ANTI-ACNE SOAP),Kavit Soap Indus,India,14/06/2014
Fitoterápico,"GENERICS & SPECIALITIES, LDA",Cod Liver Oil Softgel Capsules 500mg,Softgel Healthca,India,14/06/2014
Fitoterápico,"GENERICS & SPECIALITIES, LDA",HERBAL GLYCERINE SOAP,Kavit Soap Indus,India,14/06/2014
Fitoterápico,GREEN WORLD GROUP MOCAMBIQUE,Kidney Tonifying (Para Mulher),World Tianjin Nu,India,26/01/2015
Fitoterápico,GREEN WORLD GROUP MOCAMBIQUE,Kidney Tonifying (Para Homens),World Tianjin Nu,China,26/01/2015
Fitoterápico,GREEN WORLD GROUP MOCAMBIQUE,Blueberry super nutrition,World Tianjin Nu,China,26/01/2015
Fitoterápico,GREEN WORLD GROUP MOCAMBIQUE,Melapower,World Tianjin Nu,China,21/10/2016
Fitoterápico,GREEN WORLD GROUP MOCAMBIQUE,Meal Cellulose,World Tianjin Nu,China,21/10/2016
Fitoterápico,GREEN WORLD GROUP MOCAMBIQUE,Hepatsure,World Tianjin Nu,China,26/12/2014
Fitoterápico,GREEN WORLD GROUP MOCAMBIQUE,Clear Lung Tea,World Tianjin Nu,China,26/12/2014
Fitoterápico,"GENERICS & SPECIALITIES, LDA",Scar Cream (Pelmel),World Tianjin Nu,China,18/05/2017
Fitoterápico,GREEN WORLD GROUP MOCAMBIQUE,Spirulina plus,World Tianjin Nu,China,16/01/2015
Fitoterápico,GREEN WORLD GROUP MOCAMBIQUE,Royal Jelly,World Tianjin Nu,China,16/01/2015
Fitoterápico,GREEN WORLD GROUP MOCAMBIQUE,Parashield,World Tianjin Nu,China,16/01/2015
Fitoterápico,"GENERICS & SPECIALITIES, LDA",Clarapel Kojic Acid Cream,World Tianjin Nu,China,16/01/2015
Fitoterápico,GREEN WORLD GROUP MOCAMBIQUE,Ginkgo biloba,World Tianjin Nu,China,16/01/2015
Fitoterápico,GREEN WORLD GROUP MOCAMBIQUE,Garlic Oil,World Tianjin Nu,China,16/01/2015
Fitoterápico,GREEN WORLD GROUP MOCAMBIQUE,Lecithin,World Tianjin Nu,China,16/01/2015
Fitoterápico,GREEN WORLD GROUP MOCAMBIQUE,Breast Care Tea,World Tianjin Nu,China,16/01/2015
Fitoterápico,GREEN WORLD GROUP MOCAMBIQUE,Soy power capsule,World Tianjin Nu,China,26/01/2015
Fitoterápico,GREEN WORLD GROUP MOCAMBIQUE,Cordyceps Plus,World Tianjin Nu,China,26/01/2015
Fitoterápico,GREEN WORLD GROUP MOCAMBIQUE,Compound Mrrow powder,World Tianjin Nu,China,26/01/2015
Fitoterápico,GREEN WORLD GROUP MOCAMBIQUE,Detoxin Pad,World Tianjin Nu,China,26/01/2016
Fitoterápico,GREEN WORLD GROUP MOCAMBIQUE,Glucoblock(Diasure),World Tianjin Nu,China,26/01/2016
Fitoterápico,"GENERICS & SPECIALITIES, LDA",Dorgel Pain Reliever Ointment(HERBAL PAIN RELIEVER OINTMENT),Mehta Herbals P,India,26/01/2016
Fitoterápico,GREEN WORLD GROUP MOCAMBIQUE,Propolis Plus,World Tianjin Nu,China,26/12/2014
Fitoterápico,GREEN WORLD GROUP MOCAMBIQUE,Cardio power,World Tianjin Nu,China,26/12/2014
Fitoterápico,GREEN WORLD GROUP MOCAMBIQUE,Kuding Plus tea,World Tianjin Nu,China,26/12/2014
Fitoterápico,GREEN WORLD GROUP MOCAMBIQUE,Pro-Slim Tea,World Tianjin Nu,China,26/12/2014
Fitoterápico,GREEN WORLD GROUP MOCAMBIQUE,Pine Pollen Tea,World Tianjin Nu,China,26/12/2014
Fitoterápico,GREEN WORLD GROUP MOCAMBIQUE,Balsam Pear Tea,World Tianjin Nu,China,26/12/2014
Fitoterápico,GREEN WORLD GROUP MOCAMBIQUE,Ganoderma Plus,World Tianjin Nu,China,26/12/2014
Fitoterápico,GREEN WORLD GROUP MOCAMBIQUE,Ginseng Rhs czapsule,World Tianjin Nu,China,26/12/2014
Fitoterápico,GREEN WORLD GROUP MOCAMBIQUE,Anti-addiction,World Tianjin Nu,China,26/12/2014
Fitoterápico,GREEN WORLD GROUP MOCAMBIQUE,Chitosan,World Tianjin Nu,China,26/12/2014
Fitoterápico,GREEN WORLD GROUP MOCAMBIQUE,HepatSure,World Tianjin Nu,China,26/12/2014
Fitoterápico,GREEN WORLD GROUP MOCAMBIQUE,Aloe vera plus,World Tianjin Nu,China,26/12/2014
Fitoterápico,GREEN WORLD GROUP MOCAMBIQUE,I-Power,World Tianjin Nu,China,26/12/2014
Fitoterápico,GREEN WORLD GROUP MOCAMBIQUE,A-Power Capsule,World Tianjin Nu,China,26/12/2014
Fitoterápico,GREEN WORLD GROUP MOCAMBIQUE,Prostasure,World Tianjin Nu,China,26/01/2015
Fitoterápico,GREEN WORLD GROUP MOCAMBIQUE,Gastric Health,World Tianjin Nu,China,26/12/2014
Fitoterápico,GREEN WORLD GROUP MOCAMBIQUE,Lipid Care Tea,World Tianjin Nu,China,26/12/2014
Fitoterápico,GREEN WORLD GROUP MOCAMBIQUE,Slimming,World Tianjin Nu,China,26/12/2014
Fitoterápico,GREEN WORLD GROUP MOCAMBIQUE,Anti-aging,World Tianjin Nu,China,26/12/2014
Fitoterápico,Medi-Saude,Cramberry(Amora),"RPL(UK), Limite",d Inglaterra,28/11/2014
Fitoterápico,Goldfarma SA,Navision fadiga ocular,Omisan Farmac,e Italia,13/08/2014
Fitoterápico,Goldfarma SA,Navision Olho vermelho,Omisan Farmac,e Italia,13/08/2014
Fitoterápico,Goldfarma SA,Navision irritacao ocular,Omisan Farmac,e Italia,13/08/2014
Fitoterápico,"GENERICS & SPECIALITIES, LDA",Herbal Multipurpose Ointment(Star Skin Ointment),Mehta Herbals P,India,12/06/2018
Fitoterápico,"LUSOFARMA, LDA.",Turno Homem,Quimifarma 200,7 Espanha,16/06/2014
Fitoterápico,"LUSOFARMA, LDA.",Turno Mulher,Quimifarma 200,7 Espanha,16/06/2014
Fitoterápico,"LUSOFARMA, LDA.",Frileg-S,Quimifarma 200,7 Espanha,16/06/2014
Fitoterápico,IBERXAN- Passou p Genera,Ureprov,"Lecifarma, labor",a Portugal,03/03/2015
Fitoterápico,IBERXAN- Passou p Genera,Sendril,"Lecifarma, labor",a Portugal,03/03/2015
Fitoterápico,IBERXAN- Passou p Genera,Adipout,"Lecifarma, labor",a Portugal,03/03/2015
Fitoterápico,IBERXAN- Passou p Genera,Bonum,"Lecifarma, labor",a Portugal,03/03/2015
Fitoterápico,"LUSOFARMA, LDA.",Obesimed,Quimifarma 200,7 Brasil,12/01/2015
Fitoterápico,"LUSOFARMA, LDA.",Obesimed Forte,Quimifarma 200,7 Brasil,12/01/2015
Fitoterápico,"LUSOFARMA, LDA.",Agno castro (Menotril),Lecifarma- Espe,Portugal,16/06/2014
Fitoterápico,"LUSOFARMA, LDA.",Bioenergol power,Lecifarma- Espe,Portugal,15/01/2015
Fitoterápico,"LUSOFARMA, LDA.",Valstress,Quimifarma 200,7 Portugal,16/06/2014
Fitoterápico,"LUSOFARMA, LDA.",Femal,Quimifarma 200,7 Holanda,16/06/2014
Fitoterápico,"LUSOFARMA, LDA.",Fisicalm,Quimifarma 200,7 Espanha,16/06/2014
Fitoterápico,"LUSOFARMA, LDA.",Diosmina 300MG (Frileg),Quimifarma 200,7 Portugal,16/06/2014
Fitoterápico,"LUSOFARMA, LDA.",Menotril,Quimifarma 200,7 Espanha,16/06/2014
Fitoterápico,"LUSOFARMA, LDA.",Olivaxal (Otowel cera),Naveh Pharma L,Israel,12/01/2015
Fitoterápico,"LUSOFARMA, LDA.",L- Aspartato de Arginina(Bioenergol sexy),Lecifarma – Esp,e Portugal,15/01/2015
Fitoterápico,"LUSOFARMA, LDA.",Bioenergol Action,Lecifarma – Esp,e Portugal,15/01/2015
Fitoterápico,"LUSOFARMA, LDA.",Enzyel,NutratecVia i Ma,Portugal,15/01/2015
Fitoterápico,"LUSOFARMA, LDA.",Olival (Otowel accqua),NutratecVia i Ma,Portugal,15/01/2015
Fitoterápico,"LUSOFARMA, LDA.",Gingko(Turn-On Homem 60 cap.),NutratecVia i Ma,Portugal,16/06/2014
Fitoterápico,"LUSOFARMA, LDA.",L- Aspartato de ARGININA(Bio-Energol Sexy),NutratecVia i Ma,Portugal,15/01/2015
Fitoterápico,"LUSOFARMA, LDA.",Valeriana (Valstress),NutratecVia i Ma,Portugal,16/06/2014
Fitoterápico,"LUSOFARMA, LDA.",Omtec19Obesimed Forte,PK Benelux BV,Holanda,15/01/2015
Fitoterápico,MedAfrica,Tumbeno,Maxcure Nutrav,e India,01/06/2018
Fitoterápico,MEDIFARMA,Gripe water,Glow Pharma Pv,India,03/06/2015
Fitoterápico,MEDIFARMA,Fubao,Shangqiu Furuis,China,11/01/2015
Fitoterápico,"MEDIS FARMACEUTICA, LDA",Sexual Power Extra Gold Man,NutratecVia i Ma,Portugal,11/01/2015
Fitoterápico,"MEDIS FARMACEUTICA, LDA",Passiflora,"Beslan, SA, CL",H espanha,01/01/1900
Fitoterápico,"MEDIS FARMACEUTICA, LDA",Tosso- Bronco,"Laboris, Grupo",A Portugal,11/01/1900
Fitoterápico,"MEDIS FARMACEUTICA, LDA",Gripe Nature,"Laboris, Grupo",A Portugal,11/01/1900
Fitoterápico,"MEDIS FARMACEUTICA, LDA",Linha Leve DUO,"Laboris, Grupo",A Portugal,11/01/1900
Fitoterápico,"MEDIS FARMACEUTICA, LDA","Linha Leve Chá verde + Limao+Chá de Java, Extracto Hidrofílico","Laboris, Grupo",A Portugal,11/01/1900
Fitoterápico,"MEDIS FARMACEUTICA, LDA",Digicol Nature com Aloe vera,"Laboris, Grupo",A Portugal,11/01/1900
Fitoterápico,"MEDIS FARMACEUTICA, LDA",Linha Leve Comprimidos,"Laboris, Grupo",A Portugal,01/01/1900
Fitoterápico,"MEDIS FARMACEUTICA, LDA",Cerebro Nature,F J Campos,Portugal,01/01/1900
Fitoterápico,"MEDIS FARMACEUTICA, LDA",Saw Palmetto Prosta,"Beslan, S.L. par",a Portugal,01/01/1900
Fitoterápico,"MEDIS FARMACEUTICA, LDA",Linha Leve Anti-Fat,"Laboris, Grupo",A Portugal,01/01/1900
Fitoterápico,"MEDIS FARMACEUTICA, LDA",Salgueiro +Quina+ Verbasco,"Laboris, Grupo",A Portugal,01/01/1900
Fitoterápico,"MEDIS FARMACEUTICA, LDA",Cerebrozheimer,Biogal- Biologia,d Portugal,01/01/1900
Fitoterápico,"MEDIS FARMACEUTICA, LDA",Sexual power+pau de cabinda,Quimifarma 200,7 Portugal,01/01/1900
Fitoterápico,"MEDIS FARMACEUTICA, LDA",Sexual power Man,Labialfarma para,Portugal,01/01/1900
Fitoterápico,"MEDIS FARMACEUTICA, LDA",Sexual power Man,Quimifarma para,Portugal,01/01/1900
Fitoterápico,"MEDIS FARMACEUTICA, LDA","Perntadieta Kit, capsulas e ampolas","Laboris, Grupo",A Portugal,11/09/2017
Fitoterápico,"MEDIS FARMACEUTICA, LDA","Pentadieta Kit, capsulas de gelatina dura com líquido - Olicaps","Laboris, Grupo",A Portugal,11/09/2017
Fitoterápico,"MEDIS FARMACEUTICA, LDA",Alho Super 1000- Capsulas,Labialfarma para,Portugal,11/09/2017
Fitoterápico,"MEDIS FARMACEUTICA, LDA",Sexual Power Extrav Gold Woman,"Laboris, Grupo",A Portugal,11/09/2017
Fitoterápico,"MEDIS FARMACEUTICA, LDA",Linha Leve Chá Verde + Quitosano,"Laboris, Grupo",A Portugal,01/01/1900
Fitoterápico,"MEDIS FARMACEUTICA, LDA",Valeriana+Lecitina+Passiflora+Crat,Beslan C/ Henar,Espanha,01/01/1900
Fitoterápico,"MEDIS FARMACEUTICA, LDA",Ginseng + Geleia Real,Beslan SL.,Espanha,01/01/1900
Fitoterápico,"MEDIS FARMACEUTICA, LDA",Ginkgo Biloba,"Beslan, S.L. par",a Espanha,11/09/2017
Fitoterápico,"MEDIS FARMACEUTICA, LDA",Alcachofra,Beslan C/ Henar,Espanha,11/09/2017
Fitoterápico,"MEDIS FARMACEUTICA, LDA",Viral Choice - Vegetabs,Beslan C/ Henar,Espanha,11/09/2017
Fitoterápico,"MEDIS FARMACEUTICA, LDA",Cerebro Nature,Beslan C/ Henar,Espanha,11/09/2017
Fitoterápico,"MEDIS FARMACEUTICA, LDA",Ginseng + ÁCIDO FÓLICO+Vitamina B6 +b12,Beslan C/ Henar,Espanha,11/09/2017
Fitoterápico,"MEDIS FARMACEUTICA, LDA",Activobio Nature,Beslan C/ Henar,Espanha,11/09/2017
Fitoterápico,"MEDIS FARMACEUTICA, LDA",Aloé vera+ Ananás+Papaia,Beslan C/ Henar,Espanha,11/09/2017
Fitoterápico,"MEDIS FARMACEUTICA, LDA",Stop Acne,Beslan C/ Henar,Espanha,11/09/2017
Fitoterápico,"MEDIS FARMACEUTICA, LDA",Imuno Choice -Complex,Beslan C/ Henar,Espanha,11/09/2017
Fitoterápico,"MEDIS FARMACEUTICA, LDA",Elegante comp.,Labialfarma- Lab,Portugal,07/01/1900
Fitoterápico,"MEDIS FARMACEUTICA, LDA",linha Leve Cha Verde+Quitosano,"Beslan, SL",Espanha,07/01/1900
Fitoterápico,"MEDIS FARMACEUTICA, LDA",Cerebrozheimer,Labialfarma- Lab,Portugal,07/01/1900
Fitoterápico,"MEDIS FARMACEUTICA, LDA",Digicol Nature com Aloe vera,Labialfarma- Lab,Portugal,07/01/1900
Fitoterápico,"MEDIS FARMACEUTICA, LDA",Linha Leve Duo,Labialfarma- Lab,Portugal,11/09/2017
Fitoterápico,"MEDIS FARMACEUTICA, LDA",Sexual Power Plus,Labialfarma- Lab,Portugal,11/09/2017
Fitoterápico,"MEDIS FARMACEUTICA, LDA",Sexual power+pau de cabinda,Labialfarma- Lab,Portugal,11/09/2017
Fitoterápico,"GENERICS & SPECIALITIES, LDA",Boroquein Herbal Lip balm,Mehta Herbals P,India,20/02/2017
Fitoterápico,"MEDIS FARMACEUTICA, LDA","Ceregumil, xarope",Shangqiu City F,u China,20/01/2017
Fitoterápico,"MEDIS FARMACEUTICA, LDA",Calmettes Nite Tablets 125mg,Vemedia Manufa,Alemanha,10/01/2017
Fitoterápico,"MEDIS FARMACEUTICA, LDA",Calmettes Nite Tablets 45mg,Vemedia Manufa,Alemanha,10/01/2017
Fitoterápico,"MEDIS FARMACEUTICA, LDA",Calmettes Nite Tablets 125mg,Vemedia Manufa,Alemanha,10/01/2017
Fitoterápico,"MEDIS FARMACEUTICA, LDA",Calmettes Tablets 45mg,Vemedia Manufa,Alemanha,10/01/2017
Cosmeticos,"MEDIS FARMACEUTICA, LDA",Oleo duche diario,Origem Laborato,Portugal,11/01/2017
Cosmeticos,"MEDIS FARMACEUTICA, LDA",Oleo sabonete diario,Origem Laborato,Portugal,12/01/2017
Fitoterápico,MEdAFRICA,Kofclean,Maxcure Nutrav,e China,01/08/2016
Fitoterápico,"MEDIS FARMACEUTICA, LDA",Calmettes Nite Tablets 125mg,Shangqiu Furuis,China,10/01/2017
Fitoterápico,"MEDIS FARMACEUTICA, LDA",Calmettes Nite Tablets 45mg,Shangqiu Furuis,China,10/01/2017
Cosmeticos,"MEDIS FARMACEUTICA, LDA",Oleo banho bebe,Shangqiu Furuis,China,10/01/2017
Fitoterápico,"MEDIS FARMACEUTICA, LDA",Ceregumil- Xarope,Shangqiu Furuis,China,10/01/2017
Fitoterápico,"MEDIS FARMACEUTICA, LDA",Ginsativ capsulas,Labialfarma- lab,o Portugal,18/06/2018
Fitoterápico,"MEDIS FARMACEUTICA, LDA",Ginsativ solucao,Labialfarma- lab,o Portugal,18/06/2018
Fitoterápico,"NATUR PHARMA, LDA",Fubao,Shangqiu Furuis,China,18/06/2018
Fitoterápico,"NATUR PHARMA, LDA",Libao,Shangqiu Furuis,China,18/06/2018
Fitoterápico,"NATUR PHARMA, LDA",Libao,Shangqiu Furuis,China,18/06/2018
Fitoterápico,"NATUR PHARMA, LDA",Furunbao capsulas,Shangqiu Furuis,China,18/06/2018
Fitoterápico,"NATUR PHARMA, LDA",Sleepwell Syrup,Petlad Mahal Ar,o India,05/03/2015
Fitoterápico,"NATUR PHARMA, LDA",Anacid cápsulas,Petlad Mahal Ar,o India,03/03/2015
Fitoterápico,"NATUR PHARMA, LDA",Anacid syrup,Petlad Mahal Ar,o India,03/03/2015
Fitoterápico,"NATUR PHARMA, LDA",Bonovit syrup,Petlad Mahal Ar,o India,03/03/2015
Fitoterápico,"NATUR PHARMA, LDA",Dr. Brain syrup,Petlad Mahal Ar,o India,05/03/2015
Fitoterápico,"NATUR PHARMA, LDA",Gripsan vaporub,Petlad Mahal Ar,o India,03/03/2015
Fitoterápico,"NATUR PHARMA, LDA",Uriforte capsulas,Petlad Mahal Ar,o India,05/03/2015
Fitoterápico,"NATUR PHARMA, LDA",Rhumavin capsulas,Petlad Mahal Ar,o India,05/03/2015
Fitoterápico,"NATUR PHARMA, LDA",Gripsan granules,Petlad Mahal Ar,o India,05/03/2015
Fitoterápico,"NATUR PHARMA, LDA",Kofarex syrup,Ptlad Mahal Aro,g India,18/03/2015
Fitoterápico,"NATUR PHARMA, LDA",Relaxarem crème,Ptlad Mahal Aro,g India,05/03/2015
Fitoterápico,"NATUR PHARMA, LDA",Hepatonej capsule,Petlad Mahal Ar,o India,12/01/2015
Fitoterápico,"NATUR PHARMA, LDA",Through F.C. Tablets “CM“(Sennosides).,Chung Mei Biop,h China,01/09/2022
Fitoterápico,"NATUR PHARMA, LDA",Nervolise,Laboratio Nur C/,Espanha,06/04/2016
Fitoterápico,"NATUR PHARMA, LDA",Machocare plus capsulas,Laboratio Nur C/,Espanha,05/03/2015
Fitoterápico,"GENERICS & SPECIALITIES, LDA",Scar Cream (Puragel),Kavit Soap Indus,India,06/11/2017
Fitoterápico,"NATUR PHARMA, LDA",Kidicalm,Petlad Mahal Ar,o India,04/12/2015
Fitoterápico,"NATUR PHARMA, LDA",Fitopausa,Petlad Mahal Ar,o India,30/08/2017
Fitoterápico,"NATUR PHARMA, LDA",Prostanatur,Petlad Mahal Ar,o India,30/08/2017
Fitoterápico,"NATUR PHARMA, LDA",Alho 1000mg,Petlad Mahal Ar,o India,30/08/2017
Fitoterápico,"NATUR PHARMA, LDA",Hepatonej capsule,Petlad Mahal Ar,o India,03/03/2015
Fitoterápico,"NATUR PHARMA, LDA",Cheong Kun Pain,MEDICINE CHE,A China,30/08/2017
Fitoterápico,"NATUR PHARMA, LDA",Lianhua Qingwen,SHIJIAZHUANG,China,30/01/1900
Fitoterápico,"NEOLIFE INTERNATIONAL, LDA.",Garlic Allium Complex,Natural Formula,s USA,21/09/2022
Fitoterápico,MEDI- SAUDE,Externm Vapor Rub 50ml,Fabupharm(Pty),Namibia,20/01/1900
Fitoterápico,"NATUR PHARMA, LDA",Macau Original Lotus Cream,Macau Union Ph,Macau,12/07/2018
Fitoterápico,"NATUR PHARMA, LDA",Apropos Sedituss Xarope Bambini,Desa Pharma S,R Macau,13/08/2018
Fitoterápico,"NATUR PHARMA, LDA",Macau Original Lavender Healing Oil,Macau Union Ph,Macau,12/07/2018
Fitoterápico,"NATUR PHARMA, LDA",Propos Rino Defens ampolas Monodoses,Desa Pharma S,R Espanha,13/08/2018
Fitoterápico,"NATUR PHARMA, LDA",Apropos Rino Defens Spray Nasale,Desa pharma SR,Macau,12/07/2018
Fitoterápico,"NATURALCARE, SAUDE E NUTRICAO, LDA.",Dormil,Eightjuice labora,Italia,09/06/2017
Fitoterápico,"NATURALCARE, SAUDE E NUTRICAO, LDA.",Aspigrip,Amurtanjan Hea,Italia,22/06/2017
Fitoterápico,"NEM FARMA, LDA",Intense Relief,PHARMACHEM,- RSA,01/06/2018
Fitoterápico,"NEOPHARMA, LDA",Kofclean,Maxcure Nutrav,e India,28/12/2016
Fitoterápico,"ORANE PHARMA, LDA",Amurtanjan Relief Coulgh & Cold Rub,Amurtanjan Hea,India,11/04/2016
Fitoterápico,"ORANE PHARMA, LDA",Amurtanjan Strong Pain Balm Double Power,Amurtanjan Hea,India,11/04/2016
Fitoterápico,"ORANE PHARMA, LDA",Amurtanjan Relief Cough and Cold Cold Rub,Amurtanjan Hea,India,01/04/2016
Fitoterápico,"ORANE PHARMA, LDA",Amurtanjan Relief Cough & Cold Nasal Inhaler,Amurtanjan Hea,India,11/04/2016
Fitoterápico,"ORANE PHARMA, LDA",Amurtanjan Body Pain Speedy Relaxtion Crème,Amurtanjan Hea,India,14/04/2016
Fitoterápico,"ORANE PHARMA, LDA",Reju Nigella Oil,GLOBAL PHAR,M India,06/12/2016
Fitoterápico,"ORANE PHARMA, LDA",Reju Evening Primrose Oil,GLOBAL PHAR,M India,06/12/2016
Fitoterápico,"ORANE PHARMA, LDA",Amurtanjan Back Pain Roll- On,Amurtanjan Hea,India,24/10/2016
Fitoterápico,"ORANE PHARMA, LDA",Amurtanjan Body Pain Speedy Relaxtion Crème,Amurtanjan Hea,India,24/10/2016
Fitoterápico,"ORANE PHARMA, LDA",Amurtanjan Headache Faster Relaxation Roll-On,Amurtanjan Hea,India,24/10/2016
Fitoterápico,"ORANE PHARMA, LDA",Amurtanjan Pain BalmExtra Power,Amurtanjan Hea,India,24/10/2016
Fitoterápico,"ORANE PHARMA, LDA",Tosse(Herbal Cough Syrup),Amurtanjan Hea,India,02/05/2017
Fitoterápico,"ORANE PHARMA, LDA",Herbal Pihlas Cream,Amurtanjan Hea,India,02/05/2017
Fitoterápico,"ORANE PHARMA, LDA",Amurtanjan joint muscle spray,Amurtanjan Hea,India,02/05/2017
Fitoterápico,"ORANE PHARMA, LDA",AMRUTANJAN RELIEF COUGH AND COLD COUGH MINT,Amurtanjan Hea,India,12/04/2016
Fitoterápico,"ORANE PHARMA, LDA",AMRUTANJAN AROMATIC BALM MASSAGE FOR HEADACHE,Amurtanjan Hea,India,12/04/2016
Fitoterápico,"ORANE PHARMA, LDA",Herbal pihlas cream,Amurtanjan Hea,India,12/04/2016
Fitoterápico,"ORANE PHARMA, LDA",Castrol Oil,Glocare Labs UK,India,01/01/1900
Fitoterápico,ORBIS PHARMA,Co-Biotic 250 capsulas,Reitzer pharmac,India,31/01/1900
Fitoterápico,ORBIS PHARMA,Libidin,Reitzer pharmac,India,31/01/1900
Fitoterápico,ORBIS PHARMA,Veltuss Crianca,Reitzer pharmac,India,15/01/1900
Fitoterápico,ORBIS PHARMA,Veltuss Adulto,Reitzer pharmac,India,15/01/1900
Fitoterápico,ORBIS PHARMA,Moviplus Gel,Reitzer pharmac,RSA,12/02/2014
Fitoterápico,ORBIS PHARMA,Eucaliplus spray,Tilman SA,Belgica,12/02/2014
Fitoterápico,ORBIS PHARMA,Eucalisept aroma,Tilman SA,Belgica,12/02/2014
Fitoterápico,ORBIS PHARMA,Calmiderm pacth,Tilman SA,Belgica,12/02/2014
Fitoterápico,ORBIS PHARMA,Centelys,Tilman SA,Belgica,12/02/2014
Fitoterápico,ORBIS PHARMA,Calmiderm crème,Tilman SA,Belgica,12/02/2014
Fitoterápico,ORBIS PHARMA,Antimetil,Tilman SA,Belgica,12/02/2014
Fitoterápico,ORBIS PHARMA,Flexofytol,Tilman SA,Belgica,12/02/2014
Fitoterápico,ORBIS PHARMA,Nasafytol,Tilman SA,Belgica,12/02/2014
Fitoterápico,ORBIS PHARMA,Sistelle,Tilman SA,Belgica,12/02/2014
Fitoterápico,ORBIS PHARMA,Resist,Tilman SA,Belgica,12/02/2014
Fitoterápico,ORBIS PHARMA,Thymospray,Tilman SA,Belgica,12/02/2014
Fitoterápico,ORBIS PHARMA,Thymo syrup,Tilman SA,Belgica,12/02/2014
Fitoterápico,ORBIS PHARMA,Thymotabs Orange,Tilman SA,Belgica,12/02/2014
Fitoterápico,ORBIS PHARMA,Thymotabs Plus,Tilman SA,Belgica,12/02/2014
Fitoterápico,ORBIS PHARMA,Dropsetas Laranja e Mel,"Tugamed, Lda.",Belgica,18/01/1900
Fitoterápico,ORBIS PHARMA,Dropsenta Limao e Mel,"Tugamed, Lda.",Belgica,18/01/1900
Fitoterápico,ORBIS PHARMA,Dropsenta Frutos Silvestres,"Tugamed, Lda.",Belgica,18/01/1900
Fitoterápico,ORBIS PHARMA,Dropsenta Menta e Eucalipto,"Tugamed, Lda.",Belgica,18/01/1900
Fitoterápico,ORBIS PHARMA,UpGood Latex,farmavai Labora,t Portugal,18/01/1900
Fitoterápico,ORBIS PHARMA,Libidin,Labial farma- lab,Portugal,16/03/2016
Fitoterápico,ORBIS PHARMA,Orbis queimaduras crème,Ancalima Lifesci,e india,02/05/2017
Fitoterápico,ORBIS PHARMA,Up Good Carvao,Sofarimex-Indus,Portugal,18/06/2018
Fitoterápico,PHYTOMED,Phyto Flex,Phytomed Herba,Portugal,01/06/2018
Fitoterápico,PHYTOMED,Phyto Cydin,Phytomed Herba,Portugal,01/06/2018
Fitoterápico,PHYTOMED,Phyto Blend,Phytomed Herba,Portugal,01/06/2018
Fitoterápico,"PROFARMA,LDA",Obesimed Forte,Phytomed Herba,Portugal,12/01/2015
Fitoterápico,SHANI Lda,KILL-TOSSE COUGH LOZENGES (Honey Flavour),Sydler Remedie,s India,01/06/2018
Fitoterápico,SHANI Lda,KILL-TOSSE COUGH LOZENGES (Orange Flavour),Sydler Remedie,s India,01/06/2018
Fitoterápico,SHANI Lda,SHANI’S GRIPE WATER,Sydler Remedie,s India,01/06/2018
Fitoterápico,SHANI Lda,PRO-LIFE Dry Cough Syrup,M/S AMAR DEE,India,01/06/2018
Fitoterápico,SHANI Lda,KILL-TOSSE COUGH LOZENGES (Mint Flavour),Sydler Remedie,s India,01/06/2018
Fitoterápico,SHANI Lda,PRO-LIFE Pain Relief Balm,M/S AMAR DEE,India,28/02/2022
Fitoterápico,TATA DE MOCAMBIQUE/ Medi- Africa,Gibla- Gripe Water,Glow Pharma P.,v India,15/06/2016
Fitoterápico,TATA DE MOCAMBIQUE,Rocky Capsules,Impulse product,s India,12/06/2014
Fitoterápico,TATA DE MOCAMBIQUE,Balsamo de Emami Mento Plus,Impulse product,s India,12/06/2014
Fitoterápico,TATA DE MOCAMBIQUE,Himani Vapour rub p alivio rapido da dor,Impulse product,s India,12/06/2014
Fitoterápico,TATA DE MOCAMBIQUE,Balsamo de Himami composto de ervas para alivio rapido da dor,Impulse product,s India,12/06/2014
Fitoterápico,TATA DE MOCAMBIQUE,Balsamo de Emami Mento Plus,Impulse product,s India,12/06/2014
Fitoterápico,TATA DE MOCAMBIQUE,ZECUF HERBAL COUGH LOZENGES (Lemon),UNIQUE PHAR,M India,26/01/2015
Fitoterápico,TATA DE MOCAMBIQUE,ZECUF HERBAL COUGH LOZENGES (Honey & Lemon Flavor),UNIQUE PHAR,M India,26/01/2015
Fitoterápico,TATA DE MOCAMBIQUE,ZECUF HERBAL COUGH LOZENGES (Pineapple),UNIQUE PHAR,M India,26/01/2015
Fitoterápico,TATA DE MOCAMBIQUE,ZECUF HERBAL COUGH LOZENGES (Orange),UNIQUE PHAR,M India,26/01/2015
Fitoterápico,TATA DE MOCAMBIQUE,ZECUF HERBAL COUGH LOZENGES (Raspberry),UNIQUE PHAR,M India,26/01/2015
Fitoterápico,TATA DE MOCAMBIQUE,ZECUF HERBAL COUGH LOZENGES (Herbal),UNIQUE PHAR,M India,26/01/2015
Fitoterápico,TATA DE MOCAMBIQUE,ZECUF HERBAL COUGH REMEDY SYRUP,UNIQUE PHAR,M India,07/12/2015
Fitoterápico,"TATA DE MOCAMBIQUE passou p RK Pharmaceuticals, Socied. Unip 2023.06",karvol Plus Inhalant,UNIQUE PHAR,M India,16/04/2016
Fitoterápico,TATA DE MOCAMBIQUE,Prolife Herbal Mosquito Repellent Spray,M/S Amar- Deep,India,30/08/2017
Fitoterápico,TATA DE MOCAMBIQUE,Pro-life Anti-Fungal with Aloe vera,M/S Amar- Deep,India,28/01/1900
Fitoterápico,TATA DE MOCAMBIQUE,PRO-LIFE Herbal Expectorant Cough Syrup,M/S Amar- Deep,India,12/01/1900
Fitoterápico,TATA DE MOCAMBIQUE,Pro-life muscle relaxant hot cream,M/S Amar- Deep,India,28/01/1900
Fitoterápico,TATA DE MOCAMBIQUE,Pro-life-Muscle relaxant Cool Gel,M/S Amar- Deep,India,01/01/1900
Fitoterápico,TATA DE MOCAMBIQUE,Pro-life- Shampoo With Aloe Vera,M/S Amar- Deep,India,01/01/1900
Fitoterápico,TATA DE MOCAMBIQUE,Pro-life Anti-Fungal,M/S Amar- Deep,India,01/01/1900
Fitoterápico,TATA DE MOCAMBIQUE,Pro-life Herbal Cold Rub Balm,M/S Amar- Deep,India,28/12/2017
Fitoterápico,TIENS MARKENTING MOCAMBIQUE LDA,Lipid Metabolic management tea,Tianjin Tianshi B,India,13/01/1900
Fitoterápico,TIENS MARKENTING MOCAMBIQUE LDA,Cordyceps Mycelium Powder,Softgel Healthca,India,13/01/1900
Fitoterápico,"GENERICS & SPECIALITIES, LDA",Genvol inhalation capsulas,Tianshi Biologica,China,01/01/1900
Fitoterápico,TIENS MARKENTING MOCAMBIQUE LDA,Tianshi Slimming Tea,Tianshi Biologica,China,01/01/1900
Fitoterápico,EMS PHARMA,Linctagon Syrup,Nativa (Pty) Ltd.,- RSA,23/10/2019
Fitoterápico,EMS PHARMA,Linctagon Sugar & Alcool Free Syrup 150ml,Nativa (Pty) Ltd.,- RSA,23/10/2019
Fitoterápico,EMS PHARMA,Linctagon Forte Tablets,Nativa (Pty) Ltd.,- RSA,23/10/2019
Fitoterápico,"NATUR PHARMA, LDA","Chaenomeles frutus, Drynariae rhiozoma,Rheum officinale,Carthamus tinctorius L.,camphor,Frankincense,My7rrh,Dispa",Tianshi Biologica,China,13/08/2016
Fitoterápico,"NATUR PHARMA, LDA",Repelente (Citronela),Tianshi Biologica,China,13/08/2016
Fitoterápico,"NATUR PHARMA, LDA",Ressonar Stop,Tianshi Biologica,China,13/08/2018
Fitoterápico,"NATUR PHARMA, LDA",Apropos Rino Defens Ampolas Monodoses,Tianshi Biologica,China,13/08/2018
Fitoterápico,"NATUR PHARMA, LDA",Apropos Efervescente Fluprotect C,Taiji Group Chon,China,01/06/2018
Fitoterápico,"NATUR PHARMA, LDA",Apropos Gola Defens Spary Forte,Taiji Group Chon,China,01/06/2018
Fitoterápico,"NATUR PHARMA, LDA",Tai Ji Huo Xiang Zheng Qi Ye,Taiji Group Chon,China,22/10/2018
Fitoterápico,"NATUR PHARMA, LDA",Essential Balm,Zhangzhou Shui,China,22/10/2018
Fitoterápico,SIMEGE LDA,SIMEGE HERBAL COUGH SYRUP,"MEDICO LABS,",India.,18/12/2018
Fitoterápico,SIMEGE LDA,SIMEGE ANTI ACNE & PIMPLE CREAM,"MEDICO LABS,",India.,18/12/2018
Fitoterápico,SIMEGE LDA,SIMEGE HERBAL LOZENGES,"MEDICO LABS,",India.,18/12/2018
Fitoterápico,SIMEGE LDA,SIMEGE HERBAL PAIN RELIEF BALM,"MEDICO LABS,",India.,18/12/2018
Fitoterápico,SIMEGE LDA,SIMEGE HERBAL PAIN RELIEF CAPSULE,"MEDICO LABS,",India.,18/12/2018
Fitoterápico,SIMEGE LDA,SIMEGE HERBAL PAIN RELIEF OIL,"MEDICO LABS,",India.,18/12/2018
Fitoterápico,SIMEGE LDA,SIMEGE HERBAL PILE GEL,"MEDICO LABS,",India.,18/12/2018
Fitoterápico,SIMEGE LDA,SIMEGE HERBAL SEX STIMULANT CAPSULA,"MEDICO LABS,",India.,18/12/2018
Fitoterápico,SIMEGE LDA,SIMEGE HERBAL PAIN RELIEF OINTMENT,"MEDICO LABS,",India.,18/12/2018
Fitoterápico,ORBIS PHARMA,Septogard lozenges,Charak Pharma,india,18/12/2018
Fitoterápico,ORBIS PHARMA,Blackseed vapour rub,Matxin Labs Pvt,india,18/12/2018
Fitoterápico,ORBIS PHARMA,Tibb- asthma Xarope,Charak Pharma,india,18/12/2018
Fitoterápico,ORBIS PHARMA,Sinugraine,Charak Pharma,india,18/12/2018
Fitoterápico,ORBIS PHARMA,Chest-eeze xarope,"Charak Pharma Pvt. Ltd(India), di",,s 18/12/2018
Fitoterápico,ORBIS PHARMA,Kofcare,Matxin Labs Pvt,india,18/12/2018
Fitoterápico,ORBIS PHARMA,Pilo- Herb Comprimidos,Matxin Labs Pvt,india,18/12/2018
Fitoterápico,ORBIS PHARMA,Pilo- Herb Ointmente(pomada),Matxin Labs Pvt,india,18/12/2018
Fitoterápico,ORBIS PHARMA,Rumaflam Comprimidos,Matxin Labs Pvt,india,18/12/2018
Fitoterápico,ORBIS PHARMA,Rumaflam Crème 25g,Matxin Labs Pvt,india,18/12/2018
Fitoterápico,ORBIS PHARMA,Tibb Flu- relief xarope,Charak Pharma,india,18/12/2018
Fitoterápico,ORBIS PHARMA,Tibb Flu- relief capsulas,Charak Pharma,india,18/12/2018
Fitoterápico,ORBIS PHARMA,Bropulin,"Novadiet S.A., P",Espanha,18/12/2018
Fitoterápico,ORBIS PHARMA,Oraldieta,"Novadiet S.A., P",Espanha,18/12/2018
Fitoterápico,MEDI- SAUDE,Batata Africana,African Aloe (Pty,RSA,18/12/2018
Fitoterápico,MEDI- SAUDE,Aloe africana,African Aloe (Pty,RSA,18/12/2018
Fitoterápico,SIMEGE LDA,Enerzye,Prince Care Pha,India,18/12/2018
Fitoterápico,SIMEGE LDA,Aaltop gripe water,Prince Care Pha,India,18/12/2018
Fitoterápico,SIMEGE LDA,Effervacid(Flavour-Regular),Prince Care Pha,India,18/12/2018
Fitoterápico,SIMEGE LDA,Effervacid(Flavour-Orange),Prince Care Pha,India,18/12/2018
Fitoterápico,SIMEGE LDA,Effervacid(Flavour-Lemon),Prince Care Pha,India,18/12/2018
Fitoterápico,"NATURALHELTH CARE, L DA.",American Ginseng 500 mg,Now Food Intern,Estados Unidos,18/12/2018
Fitoterápico,"NATURALHELTH CARE, L DA.",COQ10 Antioxidant Serum 1 Fl Oz,Now Food Intern,Estados Unidos,18/12/2018
Fitoterápico,"NATURALHELTH CARE, L DA.",Co- Enzyme B- Complex60 Veg Caps,Now Food Intern,Estados Unidos,18/12/2018
Fitoterápico,"NATURALHELTH CARE, L DA.",Echinacea 400 mg 100 VEG CAPS,Now Food Intern,Estados Unidos,18/12/2018
Fitoterápico,"NATURALHELTH CARE, L DA.",IMMUNE RENEW 90 CAPSULAS,Now Food Intern,Estados Unidos,18/12/2018
Fitoterápico,"NATURALHELTH CARE, L DA.",Kidney Cleanse 90 VEG Capsules,Now Food Intern,Estados Unidos,18/12/2018
Fitoterápico,"NATURALHELTH CARE, L DA.",Menopause Support 90 VEG CAPS,Now Food Intern,Estados Unidos,18/12/2018
Fitoterápico,"NATURALHELTH CARE, L DA.",Mens Virility Power 60 Veg caps,Now Food Intern,Estados Unidos,18/12/2018
Fitoterápico,"NATURALHELTH CARE, L DA.",Liver Refresh TM 90 Veg Caps,Now Food Intern,Estados Unidos,18/12/2018
Fitoterápico,"NATURALHELTH CARE, L DA.",Garlic Oil 1500mg - 100 Softgels,Now Food Intern,Estados Unidos,18/12/2018
Fitoterápico,SIMEGE LDA,SIMEGE Oleo de Castor,Ashwin Fine Che,India,18/12/2018
Fitoterápico,SIMEGE LDA,Medilife’s Ashvaved Syrup,Mittal Ayurvend,S India,21/12/2018
Fitoterápico,SIMEGE LDA,Medilife’s Bhringliv Syrup,Mittal Ayurvend,S India,21/12/2018
Fitoterápico,SIMEGE LDA,Medilife’s Brahmi Syrup,Mittal Ayurvend,S India,21/12/2018
Fitoterápico,SIMEGE LDA,Medilife’s Henzyme Syrup,Mittal Ayurvend,S India,21/12/2018
Fitoterápico,SIMEGE LDA,Medilife’s Kofced Syrup,Mittal Ayurvend,S India,21/12/2018
Fitoterápico,SIMEGE LDA,Medilife’s Utrived Syrup,Mittal Ayurvend,S India,21/12/2018
Fitoterápico,SIMEGE LDA,Medilife’s Prostamed capsules,Mittal Ayurvend,S India,21/12/2018
Fitoterápico,EMS PHARMA,Linctagon Spray,Nativa (Pty) Ltd.,- RSA,23/10/2019
Fitoterápico,"NATUR PHARMA, LDA",Almilax® Natur,Eightjuice- Labo,r Portugal,24/10/2019
Fitoterápico,"NATUR PHARMA, LDA",Biotosse®Xarope,Eightjuice- Labo,r Portugal,24/10/2019
Fitoterápico,"ORBIS PHARMA, LDA",Gel Balsamo,"Elisa Camara, L",d Portugal,19/12/2018
Fitoterápico,"ORBIS PHARMA, LDA",Bropul,"Nova Diet S.A.,",P Espanha,08/02/2019
Fitoterápico,SHANI Lda,EAZOL ANTACID SYRUP,Sydler Remedie,s India,23/10/2019
Fitoterápico,SHANI Lda,EAZOL BALM,Sydler Remedie,s India,23/10/2019
Fitoterápico,SHANI Lda,EAZOL COUGH SYRUP,Sydler Remedie,s India,23/10/2019
Fitoterápico,SHANI Lda,EAZOL INHALER,Sydler Remedie,s India,23/10/2019
Fitoterápico,SHANI Lda,EAZOL LOZENGES ORANGE FLAVOUR,Sydler Remedie,s India,23/10/2019
Fitoterápico,SHANI Lda,EAZOL MOUTH ULCER GEL,Sydler Remedie,s India,23/10/2019
Fitoterápico,"GENERICS & SPECIALITIES, LDA",HERBAL TONING CREAM (Luview-BT Cream),Mehta Herbals P,India,17/12/2018
Fitoterápico,"GENERICS & SPECIALITIES, LDA",HERBAL TONING CAPSULES(Luview-BT Capsules),Mehta Herbals P,India,17/12/2018
Fitoterápico,"GENERICS & SPECIALITIES, LDA",HERBAL MALE STIMULANT Capsules (Josh capsules),Mehta Herbals P,India,17/12/2018
Fitoterápico,"GENERICS & SPECIALITIES, LDA",HERBAL MALE STIMULANT OIL(Josh Oil),Mehta Herbals P,India,17/12/2018
Fitoterápico,"GENERICS & SPECIALITIES, LDA",NASAL INHALER(Menthosil Nasal Inhaler),Mehta Herbals P,India,17/12/2018
Fitoterápico,TATA DE MOCAMBIQUE,ZECUF HERBAL COUGH REMEDY SYRUP,UNIQUE PHAR,M India,07/12/2017
Fitoterápico,TMI,Aqprufiine,Lab. Botanic Bav,Alemanha,15/12/2017
Fitoterápico,TMI,Benegast reduflux,Lab. Botanic Bav,Alemanha,15/12/2017
Fitoterápico,TMI,Audimer,Perrigo,Portugal,15/12/2017
Fitoterápico,TMI,Valda pastilhas sem acucar,Perrigo,Portugal,15/12/2017
Fitoterápico,TMI,Valda pastilhas classico,Perrigo,Portugal,15/12/2017
Fitoterápico,TMI,Bio Oil Oleo Gel para pele seca,Perrigo,Portugal,15/12/2017
Fitoterápico,TMI,Bio Oil Oleo hidratante,Perrigo,Portugal,15/12/2017
Fitoterápico,TATA DE MOCAMBIQUE,karvol Plus Inhalant,M/S Amar- Deep,India,07/12/2017
Fitoterápico,TATA DE MOCAMBIQUE,Prolife Herbal Mosquito Repellent Spray,M/S Amar- Deep,India,30/08/2017
Fitoterápico,TATA DE MOCAMBIQUE,Pro-life Anti-Fungal with Aloe vera,M/S Amar- Deep,India,28/01/1900
Fitoterápico,TATA DE MOCAMBIQUE,PRO-LIFE Herbal Expectorant Cough Syrup,M/S Amar- Deep,India,12/01/1900
Fitoterápico,TATA DE MOCAMBIQUE,Pro-life muscle relaxant hot cream,M/S Amar- Deep,India,01/01/1900
Fitoterápico,TATA DE MOCAMBIQUE,Pro-life-Muscle relaxant Cool Gel,M/S Amar- Deep,India,01/01/1900
Fitoterápico,TATA DE MOCAMBIQUE,Pro-life- Shampoo With Aloe Vera,M/S Amar- Deep,India,01/01/1900
Fitoterápico,TATA DE MOCAMBIQUE,Pro-life Anti-Fungal,M/S Amar- Deep,India,01/01/1900
Fitoterápico,TATA DE MOCAMBIQUE,Pro-life Herbal Cold Rub Balm,M/S Amar- Deep,India,28/12/2017
Fitoterápico,SHANI Lda,Vibran,Contract Manufa,India,13/06/2019
Fitoterápico,SHANI Lda,Lobese capsules,Contract Manufa,India,13/06/2019
Fitoterápico,SHANI Lda,Tribull tablets,Contract Manufa,India,13/06/2019
Fitoterápico,SHANI Lda,Siesta capsules,Contract Manufa,India,13/06/2019
Fitoterápico,"GENERICS & SPECIALITIES, LDA",Ginger Lozenges- (TOSSEM HERBAL COUGH LOZENGES),Leamak,India,12/01/2018
Fitoterápico,"GENERICS & SPECIALITIES, LDA",Menthol Lozenges- (TOSSEM HERBAL COUGH LOZENGES),Leamak,India,12/01/2018
Fitoterápico,"GENERICS & SPECIALITIES, LDA","Zingiber officinale4.56mg,Mentha sylvestris2.81mg,Honey 1.19mg,Eucalyptus oil0.33mg,Cinnamomum camphora0.16m",Leamak,India,12/01/2018
Fitoterápico,"GENERICS & SPECIALITIES, LDA",Tossem Cough Syrup(HERBAL COUGH SYRUP),Mehta Herbals P,India,06/01/2018
Fitoterápico,"GENERICS & SPECIALITIES, LDA",Tossil Cough Syrup(HERBAL COUGH SYRUP),East African (Ind,India,06/01/2018
Fitoterápico,"GENERICS & SPECIALITIES, LDA",Boroquein Herbal Antiseptic Cream(HERBAL ANTISEPTIC CREAM),Mehta Herbals P,India,06/01/2018
Fitoterápico,"GENERICS & SPECIALITIES, LDA",Rhino Pain Balm(AYURVEDIC PAIN BALM),Mehta Herbals P,India,26/01/2018
Fitoterápico,"GENERICS & SPECIALITIES, LDA",HERBAL TONING CREAM (Luview-BT Cream),Mehta Herbals P,India,17/12/2018
Fitoterápico,"GENERICS & SPECIALITIES, LDA",HERBAL TONING CAPSULES(Josh Capsules),Mehta Herbals P,India,17/12/2018
Fitoterápico,"GENERICS & SPECIALITIES, LDA",HERBAL MALE STIMULANT Capsules (Josh capsules),Mehta Herbals P,India,17/12/2018
Fitoterápico,"GENERICS & SPECIALITIES, LDA",HERBAL MALE STIMULANT OIL(Josh Oil),Mehta Herbals P,India,17/12/2018
Fitoterápico,"GENERICS & SPECIALITIES, LDA",NASAL INHALER(Menthosil Nasal Inhaler),Mehta Herbals P,India,17/12/2018
Fitoterápico,"GENERICS & SPECIALITIES, LDA","Senna Tabs 7.5mg, contem sennosideo de calcio 20% (LAXTON TABLETS)",INGA LABORAT,India,21/12/2018
Fitoterápico,"GENERICS & SPECIALITIES, LDA",HERBAL COUGH & COLD REMEDY (SUALIN),Hamdard Labora,India,21/12/2018
Fitoterápico,"GENERICS & SPECIALITIES, LDA",Ginko Biloba Capsules,Softgel Healthca,India,21/12/2018
Fitoterápico,"GENERICS & SPECIALITIES, LDA",Saw Palmetto Oil Caps,Softgel Healthca,India,21/12/2018
Fitoterápico,"GENERICS & SPECIALITIES, LDA",Herbal Multipurpose Ointment(Pel Amor),Mehta Herbals P,India,21/12/2018
Fitoterápico,SHANI Lda,EAZOL OINTMENT,Sydler Remedie,s India,23/10/2019
Fitoterápico,SHANI Lda,EAZOL FOOTCARE CREAM,Sydler Remedie,s India,23/10/2019
Fitoterápico,SIMEGE LDA,Prufem,Sydler Remidies,India,27/06/2019
Fitoterápico,SIMEGE LDA,HEALKIDZ,Prince Care Pha,India,27/06/2019
Fitoterápico,SIMEGE LDA,RAPIHEAL,Prince Care Pha,India,27/06/2019
Fitoterápico,SIMEGE LDA,Medlifeʹs Intensive + Capsules,Mittal Ayurvend,S India,21/08/2019
Fitoterápico,SIMEGE LDA,Medlifeʹs Bloodpure Syrup,Mittal Ayurvend,S India,21/08/2019
Fitoterápico,SIMEGE LDA,Medlifeʹs Bloodpure Tablets,Mittal Ayurvend,S India,21/08/2019
Fitoterápico,SIMEGE LDA,Medlifeʹs Shilajeet Capsules,Mittal Ayurvend,S India,21/08/2019
Fitoterápico,SIMEGE LDA,Medlifeʹs Bhringliv Capsules,Mittal Ayurvend,S India,21/08/2019
Fitoterápico,SIMEGE LDA,Ossoforte,Mittal Ayurvend,S India,21/08/2019
Fitoterápico,TMI,Bronchodual Alívio Rápido,PERRIGO POR,T PORTUGAL,21/08/2019
Fitoterápico,"WellWorth, Lda.",Peppermint Lozenges- Original (Cristais de Mentol 1.968mg e Mistura de Oleo de Hortela- Pimenta 13.226mg),PT Inasentra Un,INDONÉSIA,13/06/2019
Fitoterápico,"WellWorth, Lda.",Peppermint Lozenges- Orange (Cristais de Mentol 1.968mg e Mistura de Oleo de Hortela- Pimenta 13.226mg),PT Inasentra Un,INDONÉSIA,13/06/2019
Fitoterápico,"WellWorth, Lda.",Peppermint Lozenges- Cherry (Cristais de Mentol 1.968mg e Mistura de Oleo de Hortela- Pimenta 13.226mg),PT Inasentra Un,INDONÉSIA,13/06/2019
Fitoterápico,"WellWorth, Lda.",HEALTHEASE HERBALS COUGH LOZENGES (GINGER & HONEY),Mehta Unani Ph,a India,23/12/2019
Fitoterápico,"WellWorth, Lda.",HEALTHEASE HERBALS COUGH LOZENGES (LEMON),Mehta Unani Ph,a India,23/12/2019
Fitoterápico,"WellWorth, Lda.",HEALTHEASE HERBALS COUGH LOZENGES (MINT),Mehta Unani Ph,a India,23/12/2019
Fitoterápico,"WellWorth, Lda.",HEALTHEASE HERBALS COUGH LOZENGES (ORANGE),Mehta Unani Ph,a India,23/12/2019
Fitoterápico,"WellWorth, Lda.",HEALTHEASE HERBALS COUGH LOZENGES (RASPBERRY),Mehta Unani Ph,a India,23/12/2019
Fitoterápico,"WellWorth, Lda.",HEALTHEASE HERBAL RAPIGESIC CREAM,Mehta Unani Ph,a India,23/12/2019
Fitoterápico,"WellWorth, Lda.",HEALTHESE HERBAL VAPORS RUB,Mehta Unani Ph,a India,23/12/2019
Fitoterápico,"WellWorth, Lda.",Healthease herbals NeoSept First Aid Ointment,Mehta Unani Ph,a India,23/12/2019
Fitoterápico,"WellWorth, Lda.",Healthease Herbals Scarfree Cream,Mehta Unani Ph,a India,23/12/2019
Fitoterápico,"WellWorth, Lda.",HEALTHEASE HERBALS TURMERIC COUGH LOZENGES,Mehta Unani Ph,a India,23/12/2019
Fitoterápico,"WellWorth, Lda.",HEALTHEASE HERBALS VAPORS INHALER,Mehta Unani Ph,a India,23/12/2019
Fitoterápico,"WellWorth, Lda.",HEALTHESE HERBAL KAP KAP BALM,Mehta Unani Ph,a India,23/12/2019
Fitoterápico,Moz IN,Grandmaa- Gripe water,Infugen Pharma,India,29/06/2020
Fitoterápico,Moz IN,Laxatin (Laxativo natural),Infugen Pharma,India,29/06/2021
Fitoterápico,Moz IN,Gocuf lozenges natural,Infugen Pharma,India,29/06/2022
Fitoterápico,Moz IN,Gocuf lozenges natural,Infugen Pharma,India,29/06/2020
Fitoterápico,Moz IN,Gocuf lozenges natural,Infugen Pharma,India,29/06/2020
Fitoterápico,Moz IN,Gocuf Herbal Remedy,Infugen Pharma,India,29/06/2020
Fitoterápico,Prosmed Lda,Sensual Honey Herbal Mixed Past (Sahumerdan),Sahimerdan Bitk,Turkey,29/06/2020
Fitoterápico,"Ghealth Mocambique, Lda",Miss Bee Propolis Syrup(Propolis Natural),Tianjin Hongfu P,China,13/02/2020
Fitoterápico,"Ghealth Mocambique, Lda",Propolis & Glossy (Propolis Natural),Tianjin Hongfu P,China,13/02/2020
Fitoterápico,"Ghealth Mocambique, Lda",Ginseng RH2 Capsule,Tianjin Hongfu P,China,13/02/2020
Fitoterápico,"Ghealth Mocambique, Lda","C-Pills ( Rizoma Ligustici Walliachi, Borneol)",Tianjin Hongfu P,China,13/02/2020
Fitoterápico,"Ghealth Mocambique, Lda",Phytoestrogen Tablet,Tianjin Hongfu P,China,13/02/2020
Fitoterápico,TMI,Neo-Sinefrina Rapid,PERRIGO POR,T PORTUGAL,13/02/2020
Fitoterápico,"Ghealth Mocambique, Lda",Royal Jelly Softgel Capsule,Tianjin Zhongxin,China,29/06/2020
Fitoterápico,SIMEGE LDA,Medlifeʹs Re- Live Capsules,Medlife Formulat,India,13/02/2020
Fitoterápico,SIMEGE LDA,Medlifeʹs Rumalax Tablets,Mittal Ayurvend,S India,13/02/2020
Fitoterápico,SIMEGE LDA,Medlifeʹs Tussmax Tablets,Mittal Ayurvend,S India,13/02/2020
Fitoterápico,SIMEGE LDA,Medlifeʹs Urolax Tablets,Mittal Ayurvend,S India,13/02/2020
Fitoterápico,SIMEGE LDA,Shedays Gel,Gayatri Ayurpha,r India,13/02/2020
Fitoterápico,SHANI Lda,Levocor Herbal Tonic Syrup,Coral Laboratori,e India,13/02/2020
Fitoterápico,SIMEGE LDA,Simege Herbal Lozenges Honey,"MEDICO LABS,",India,29/06/2020
Fitoterápico,SIMEGE LDA,Simege Herbal Lozenges Orange,"MEDICO LABS,",India,26/08/2019
Fitoterápico,SIMEGE LDA,Simege Herbal Lozenges Strawberry,"MEDICO LABS,",India,26/08/2019
Fitoterápico,SIMEGE LDA,Simege Herbal Lozenges Lemon,"MEDICO LABS,",India,26/08/2019
Fitoterápico,SIMEGE LDA,Medlifeʹs No- Fat Capsulas,Mittal Ayurvend,S India,26/08/2019
Fitoterápico,SIMEGE LDA,Medlifeʹs Entrolax Tablets,Mittal Ayurvend,S India,26/08/2019
Fitoterápico,SIMEGE LDA,Medlifeʹs GC- Slim Capsulas,Mittal Ayurvend,S India,26/08/2019
Fitoterápico,"GENERICS & SPECIALITIES, LDA",Riverggin Gel,Mehta Herbals P,India,26/08/2020
Fitoterápico,"MEDIS FARMACEUTICA, LDA",Obesy Cha,Americo Duarte,Portugal.,26/08/2020
Fitoterápico,"NATUR PHARMA, LDA",Pien Tze Huang,Pia Tze Huang P,China,22/02/2021
Fitoterápico,"NATUR PHARMA, LDA",Pian Tze Huang,Pia Tze Huang P,China,18/01/1900
Fitoterápico,"NATUR PHARMA, LDA",Houxiang zhengqi capsula,Pia Tze Huang P,China,29/03/2021
Fitoterápico,"WellWorth, Lda.",Woods’Peppermint Lozenges with Licorice – Sugar Free,PT Inasentra Un,Indonesia,29/03/2021
Fitoterápico,SHANI Lda,kill Tosse Lemon Flavour,Sydler Remedie,s India,21/06/2021
Fitoterápico,SHANI Lda,kill Tosse Blue Berry Flavour,Sydler Remedie,s India,29/06/2020
Fitoterápico,TMI,Transpulmina,"GBP Products, U",Portugal,29/06/2020
Fitoterápico,TMI,Transpulmina,"GBP Products, U",Portugal,29/06/2020
Fitoterápico,TMI,Ananase,"GBP Products, U",Portugal,29/06/2020
Fitoterápico,"LUSOFARMA, LDA.",Laxaquest,Cure Quick Rem,India,12/09/2022
Fitoterápico,EMS PHARMA,Linctagon Lozenges,Nativa Health Sc,RSA,04/06/2021
Fitoterápico,EMS PHARMA,Linctagon Lozenges Cherry Menthol,Nativa Health Sc,RSA,04/06/2021
Fitoterápico,EMS PHARMA,Linctagon Lozenges Lemon,Nativa Health Sc,RSA,04/06/2021
Fitoterápico,Eurofarma,Torante,Eurofarma Labo,r Brasil,04/06/2021
Fitoterápico,"WellWorth, Lda.",Healthease STEVIA Tablet,Nutrizo Advancis,India,04/06/2021
Fitoterápico,"WellWorth, Lda.",Healthease STEVIA Powder,Nutrizo Advancis,India,22/02/2021
Fitoterápico,Biza Pharma,R Moringa Capsule,Rohn Healthcare,India,22/02/2021
Fitoterápico,TMI,Gingko Vital,Prati- Donaduzzi,Italia,05/09/2019
Fitoterápico,Medi-saude,Suplimax Urinary Care,Fabupharm (PT,Y Namibia,21/08/2021
Fitoterápico,Medi-saude,Suplimax Charcoal,Fabupharm (PT,Y Namibia,21/08/2021
Fitoterápico,Medi-saude,Suplimax Herbal Skin Cancer Crème,Fabupharm (PT,Y Namibia,21/08/2021
Fitoterápico,Medi-saude,Suplimax Red Hot Pain Relieve Gel,Fabupharm (PT,Y Namibia,21/08/2021
Fitoterápico,Medi-saude,Suplimax Slimming Aid Cápsulas,Fabupharm (PT,Y Namibia,21/08/2021
Fitoterápico,Medi-saude,Suplimax Study Aid,Fabupharm (PT,Y Namibia,21/08/2021
Fitoterápico,Medi-saude,Estial Castor Oil,Fabupharm (PT,Y Namibia,21/08/2021
Fitoterápico,Enterprise,Herbex Expectorante,Uu- Labs Private,India.,28/02/2022
Fitoterápico,SHANI Lda,Gintex,Square Pharmac,Bangladesh,03/03/2022
Fitoterápico,SHANI Lda,Adovas,Square Pharmac,Bangladesh,03/03/2022
Fitoterápico,Enterprise,Sucronil tablets,Uu- Labs Private,India.,28/02/2022
Fitoterápico,"LUSOFARMA, LDA.",Prince care Inalador,Prince Care Pha,India.,11/03/2022
Fitoterápico,"LUSOFARMA, LDA.",Care Rub,Prince Care Pha,India.,11/03/2022
Fitoterápico,"LUSOFARMA, LDA.",Pain care Spray,Prince Care Pha,India.,11/03/2022
Fitoterápico,SHANI Lda,KUFHETU Cough Reliever,Prakruti Product,s India.,20/07/2022
Fitoterápico,SHANI Lda,Softpush Tablet,Prakruti Product,s India.,02/06/2022
Fitoterápico,SHANI Lda,Laxfit,West Cost Phar,m India.,02/06/2022
Fitoterápico,SHANI Lda,Zi Liv Capsules,Contract Manuf,a Bangladesh,02/06/2022
Fitoterápico,SHANI Lda,Kil Toss Cough Syrup,Sugam Healthca,India.,05/08/2022
Fitoterápico,"FRONTROW MOZAMBIQUE, LDA.",Luxxe Protect Grapeseed Extract,Homart Pharmac,Australia,15/09/2022
Fitoterápico,MEDI- SAUDE,Suplimax Blood Purifier capsules 30s,Fabupharm (PT,Y Namibia,20/07/2022
Fitoterápico,HEDERA,Carverol® Carvao Vegetal Activado 250 Mg,Quimiofarma- Br,Brasil,20/07/2022
Fitoterápico,"GENERICS & SPECIALITIES, LDA",Coldrub Inhaler,MEHTA HEALTH,India,15/09/2022
Fitoterápico,"GENERICS & SPECIALITIES, LDA",Coldrub Vaporizing Ointment,MEHTA HEALTH,India,24/10/2022
Fitoterápico,"GENERICS & SPECIALITIES, LDA",Dorgel Pain Reliever Gel,MEHTA HEALTH,India,01/09/2022
Fitoterápico,"GENERICS & SPECIALITIES, LDA",Josh M Capsule,MEHTA HEALTH,India,15/09/2022
Fitoterápico,"GENERICS & SPECIALITIES, LDA",Josh Oil,MEHTA HEALTH,India,15/09/2022
Fitoterápico,"GENERICS & SPECIALITIES, LDA",Menthosil Cough Lozenges (Lemon),MEHTA HEALTH,India,01/09/2022
Fitoterápico,"GENERICS & SPECIALITIES, LDA",Menthosil Cough Lozenges (Orange),MEHTA HEALTH,India,01/09/2022
Fitoterápico,"GENERICS & SPECIALITIES, LDA",Menthosil Cough Lozenges(Mint),MEHTA HEALTH,India,01/09/2022
Fitoterápico,"GENERICS & SPECIALITIES, LDA",Menthosil Cough Lozenges(Raspberry),MEHTA HEALTH,India,01/09/2022
Fitoterápico,"GENERICS & SPECIALITIES, LDA",Rhino Balm,MEHTA HEALTH,India,15/09/2022
Fitoterápico,"GENERICS & SPECIALITIES, LDA",Pelamor Cream,MEHTA HEALTH,India,15/09/2022
Fitoterápico,"GENERICS & SPECIALITIES, LDA",Star Skin,MEHTA HEALTH,India,15/09/2022
Fitoterápico,POWER LIFE MOZAMBIQUE,Protect,Ljack (M) Sdn. B,Malasia,15/09/2022
Fitoterápico,POWER LIFE MOZAMBIQUE,Procel,Ljack (M) Sdn. B,Malasia,15/09/2022
Fitoterápico,POWER LIFE MOZAMBIQUE,Profit,Ljack (M) Sdn. B,Malasia,15/09/2022
Fitoterápico,POWER LIFE MOZAMBIQUE,Prodetox,Ljack (M) Sdn. B,Malasia,15/09/2022
Fitoterápico,POWER LIFE MOZAMBIQUE,Prolady,Ljack (M) Sdn. B,Malasia,15/09/2022
Fitoterápico,"NATUR PHARMA, LDA",Tonic Serum,Anhui Joyfar Ph,a China,08/02/2023
Fitoterápico,"Medifarma, Lda",Urinfix®,QUIMIFARMA 2,0 Espanha,21/02/2023
Fitoterápico,"Medifarma, Lda",Venodren®,QUIMIFARMA 2,0 Espanha,21/02/2023
Fitoterápico,"Glopharma, Lda",UROPREV®,Fabricante: QUI,M Espanha,21/02/2023
Fitoterápico,"Glopharma, Lda",Inflamase,Fabricante: QUI,M Espanha,21/02/2023
Fitoterápico,Superlife,Super Root Coffee,Superlife World,S Malasia,21/02/2023
Fitoterápico,Superlife,Superlife SCC+,Superlife World,S Malasia,21/02/2023
Fitoterápico,Superlife,Superlife SIC,Superlife World,S Malasia,21/02/2023
Fitoterápico,Superlife,Superlife SIC,Superlife World,S Malasia,21/02/2023
Fitoterápico,"NATUR PHARMA, LDA",Drenalight Barriga Plana,Miguel Y Garriga,Espanha,20/03/2023
Fitoterápico,"NATUR PHARMA, LDA",Drenalight Detox,Miguel Y Garriga,Espanha,20/03/2023
Fitoterápico,"NATUR PHARMA, LDA",Drenalight Golden Depur,Miguel Y Garriga,Espanha,20/03/2023
Fitoterápico,"NATUR PHARMA, LDA",Drenalight Hot,Miguel Y Garriga,Espanha,23/03/2023
Fitoterápico,"NATUR PHARMA, LDA",Drenalight Hydra,Miguel Y Garriga,Espanha,20/03/2023
Fitoterápico,GENERICS E SPECIALITIES LDA,PROSTONIL 160 (Saw Palmetto Cápsulas 160 mg),SOFTGEL HEAL,India,05/06/2023
Fitoterápico,GENERICS E SPECIALITIES LDA,PROSTONIL 320 (Saw Palmetto Cápsulas 320 mg),SOFTGEL HEAL,India,05/06/2023
Fitoterápico,"Trucare Unipessoal, Lda",Ashwagandha Capsula,Siddhayu Ayurve,India,24/07/2023
