family,designation,dci,price_pharmacy,price_public,min_validity
Bluepharma,Acarbose Bluepharma 100 mg cx 50 comp,Acarbose 100 mg,704.00,1043.00,31.10.2027
Bluepharma,Acarbose Bluepharma 50 mg cx 50 comp,Acarbose 50 mg,381.00,564.00,30.04.2027
BIAL,Acarilbial Sol. Cutânea 200 ml,Benzoato de Benzilo 30% + Líquido Frsc 200ml,301.80,443.80,30.04.2030
Bluepharma,Acetilcisteína Bluepharma 600 mg Comp. Eferv. Cx. 20,Acetilcisteína 600 mg,345.80,508.80,28.02.2027
Bluepharma,"Aciclovir Bluepharma 50 mg/g Créme, Bisnaga de 10 g",Aciclovir 50 mg/g,162.00,239.00,28.02.2028
Bluepharma,Ácido Alendrónico Bluepharma 70 mg cx 4 comp,Ácido Alendrónico 70 mg,546.00,808.00,30.09.2026
Profarma,AdVit Gotas Orais 20 ml,(Vitamina A 10.000 U.I + Vitamina D 10.000U.I) / 1 ml,309.00,459.00,28.02.2027
Instituto Galénico,Água de Camomila frsc 200 ml,Água de Camomila,295.00,437.00,31.12.2200
Instituto Galénico,Água de Rosas frsc 200 ml,Água de Rosas,295.00,437.00,31.12.2200
Bastos & Viegas,Algodão Hidrófilo Zig Zag 50g,Algodão Hidrófilo 50gr,64.00,94.00,31.12.2200
Bluepharma,"Alprazolam Bluepharma 0,5mg cx 60 comp.","Alprazolam 0,5 mg comp.",330.00,489.00,31.12.2027
Bluepharma,Amlodipina Bluepharma 10 mg cx 60 comp,Amlodipina 10 mg comp,626.00,927.00,31.01.2028
Bluepharma,Amlodipina Bluepharma 5 mg cx 60 comp,Amlodipina 5 mg comp,310.00,458.00,31.01.2028
Bluepharma,Amoxicilina + Ac. Clavul. Bluepharma 500 mg + 125 mg Cx 16,Amoxiciclina 500 mg + Ácido Clavulânico 125 mg comp,440.00,651.00,31.08.2027
Bluepharma,Amoxicilina + Ac. Clavul. Bluepharma 875 mg + 125 mg Cx 16,Amoxiciclina 875 mg + Ácido Clavulânico 125 mg comp,537.80,793.80,28.02.2027
Bayer,Angelic Cx. 28 Comp.,Drosperidona 2mg + Estradiol 1 mg + Comp. Cx. 28,2252.00,3338.00,31.03.2030
Bluepharma,"AquaMaris Forte, Spray Nasal, Frasco de 30 ml",Sódio => 7.50 mg/ml + Cálcio => 0.25 mg/ml + Potássio => 0.20 mg/ml + Magnésio => 1.00 mg/ml + Cloreto => 16.50 mg/ml + Sulfato => 1.80 mg/ml + Brometo => 0.04 mg/ml + Bicarbonato => 0.10 mg/ml,244.00,361.00,28.02.2028
Bluepharma,"AquaMaris, Spray Nasal, Frasco de 30 ml",Sódio => 2.50 mg/ml + Cálcio => 0.08 mg/ml + Magnésio => 0.35 mg/ml + Cloreto => 5.50 mg/ml + Sulfato => 1.60 mg/ml + Bicarbonato => 0.03 mg/ml,270.00,400.00,31.10.2027
Bluepharma,Atenolol Bluepharma 100 mg cx 60 comp,Atenolol 100 mg,433.80,639.80,30.04.2027
Bluepharma,Atenolol Bluepharma 50 mg cx 60 comp,Atenolol 50 mg,371.80,547.80,28.02.2028
Bluepharma,Atorvastatina Bluepharma 10 mg cx 56 comp,Atorvastatina 10 mg,895.80,1323.80,30.09.2027
Bluepharma,Atorvastatina Bluepharma 20 mg cx 28 comp,Atorvastatina 20 mg,504.00,747.00,31.08.2027
Bluepharma,Atorvastatina Bluepharma 40 mg cx 28 comp,Atorvastatina 40 mg,789.00,1169.00,31.10.2026
Profarma,Azimol Xpe. 2mg/5ml Frasco 150 ml,Sulfato de Salbutamol 2mg/5ml,141.00,210.00,04.04.2028
Bluepharma,Azitromicina Bluepharma 500 mg Cx 3 comp,Azitromicina 500 mg comp,223.00,330.00,31.10.2027
Bene Farmacêutica,Ben-U-Gripe Cx. 16 Cáps.,"Paracetamol 500 mg + Clorfeniramina, Maleato 4 mg",583.80,862.80,30.09.2028
Bene Farmacêutica,Ben-U-Ron 1000 Cx 10 Sup,Paracetamol 1000mg + Supositorio Cx. 10,292.80,429.80,30.06.2029
Bene Farmacêutica,Ben-U-Ron 1000mg Cx 18 Comp,Paracetamol 1000 mg + Comp. Cx 18,225.80,300.80,30.11.2027
Bene Farmacêutica,Ben-U-Ron 125 Cx 10 Sup,Paracetamol 125mg - Cx 10 Sup,188.80,275.80,30.06.2029
Bene Farmacêutica,Ben-U-Ron 250 Cx 10 Sup,Paracetamol 250mg - cx 10 Sup,219.80,321.80,31.03.2029
Bene Farmacêutica,Ben-U-Ron 500 Cx 10 Sup,Paracetamol 500mg - cx 10 Sup,271.80,398.80,30.06.2029
Bene Farmacêutica,Ben-U-Ron 500 Cx 20 Cáps,Paracetamol 500mg - Cápsulas,271.80,398.80,30.06.2029
Bene Farmacêutica,Ben-U-Ron 500 Cx 20 Comp,Paracetamol 500 mg + Comp. Cx 20,232.80,340.80,31.01.2029
Bene Farmacêutica,Ben-U-Ron 75 Cx 10 Sup,Paracetamol 75mg - Cx 10 Sup,299.80,439.80,31.12.2029
Bene Farmacêutica,Ben-U-Ron Caff 500 mg + 65 mg Cx 20 Comp.,Paracetamol 500 mg + Cafeína 65 mg,481.80,709.80,31.08.2029
Bene Farmacêutica,Ben-U-Ron Paracetamol 40mg/ml Xrp 150 ml,Paracetamol 40mg/ml - 150 ml,499.80,737.80,31.05.2028
Bene Farmacêutica,Ben-U-Ron Xrp 85 ml,Paracetamol 200mg/5ml 100gr - 85ml,339.80,499.80,31.08.2027
Bayer,Bepanthene Plus Créme Tb 30 gr,Dexpantenol 50mg/g + Clor. Cloro-Hexidina 5mg/g,742.00,1099.00,31.05.2028
BIAL,Bialminal Cx 60 comp.,Fenobarbital 100 mg,332.00,492.00,31.07.2030
Bluepharma,Brometo de Ipratrópio Bluepharma 20 µg/dose inal.- 200 doses,Brometo de Ipratrópio 20 µg/dose inal. - 200 doses,501.00,742.00,28.02.2028
Bluepharma,"Bromexina Bluepharma 0,8mg/ml 200ml Xpe","Bromexina 0,8mg/ml 200ml Xpe",230.80,338.80,30.11.2026
Bluepharma,"Bromexina Bluepharma 1,6mg/ml 200ml Xpe","Bromexina 1,6mg/ml 200ml Xpe",243.80,357.80,30.04.2027
Profarma,Buskolamin 10 mg cx 20 comp.,Butilbrometo de Hioscina 10 mg,335.00,498.00,31.07.2027
Stockpharma,Caixa Ekool L,Caixa Isotérmica,8000.00,,.NULL.
Astro Trading,Caixa Esferovite / isotérmica Berry Box,Caixa Isotérmica,1000.00,,.NULL.
Bluepharma,"Calmidine Bluepharma 6,7 mg/g Emul. Cut. 100 g","Trolamina 6,7 mg/g",553.00,819.00,30.11.2027
Bastos & Viegas,Canadianas (Par),Material Ortopédico,2000.00,2970.00,01.01.2050
Bluepharma,"Candesartan + HCTZ Bluepharma 16 mg + 12,5 mg cx 56 comp","Candesartan 16mg + HCTZ 12,5 mg",842.00,1248.00,31.01.2028
Bluepharma,Candesartan Bluepharma 16 mg cx 56 comp,Candesartan 16mg,797.00,1180.00,31.12.2027
Bluepharma,Candesartan Bluepharma 32 mg cx 56 comp,Candesartan 32 mg,1060.00,1571.00,31.03.2028
Bluepharma,Candesartan Bluepharma 8 mg cx 28 comp,Candesartan 8mg,402.80,593.80,30.11.2027
Bayer,Canesten Unidia 10mg/g Créme 15g,Bifonazol 10mg/g + Créme Bisn. 15g,746.00,1106.00,31.08.2030
Bluepharma,Cetirizina Bluepharma 10 mg cx 20 comp,Cetirizina 10 mg,156.00,231.00,31.01.2028
Bluepharma,"Cicarapid, pó p/ pulverização cutânea, Frs de 125 ml",GPL (Butano) 90 % + Pó (cujo TiAB) 10%,774.00,1146.00,31.10.2026
Bluepharma,Ciprofloxacina Bluepharma 500 mg Cx 16 comp,Ciprofloxacina 500 mg comp,397.00,588.00,31.01.2028
Bluepharma,Claritromicina Bluepharma 500 mg cx 16 comp,Claritromicina 500mg IR,685.00,1015.00,31.01.2028
BIAL,Clavamox 250 Susp 100 ml,"Amoxicilina 250 mg/5 ml + Ácido Clavulânico 62,5 mg/5ml",669.00,991.00,30.09.2027
BIAL,Clavamox 500 Cx 16,Amoxicilina 500 mg + Ácido Clavulânico 125 mg + Comp. Cx. 16,813.80,1202.80,30.09.2027
BIAL,Clavamox DT Cx 16,Amoxicilina 875 mg + Ácido Clavulânico 125 mg + Comp. Cx. 16,871.80,1287.80,30.06.2027
BIAL,Clavamox DT400 70 ml,Amoxicilina 400 mg + Ácido Clavulânico 57 mg + Susp. 70ml,525.80,774.80,31.01.2027
Profarma,Cloderm 1% Créme 30 Gr,Clotrimazole 1%,160.00,238.00,26.05.2028
Bluepharma,Clotrimazol Créme Bluepharma 10mg/g 20g,Clotrimazol Créme 10mg/g,128.00,190.00,31.08.2027
Bluepharma,Clotrimazol Créme Vaginal Bluepharma 10mg/g 50g,Clotrimazol Créme Vaginal 10mg/g,398.00,590.00,31.01.2028
Denk Pharma,CoLosar-Denk 100/12.5 Cx. 2 x 14 Comp.,"Losartan 100 mg + HCTZ 12,5 mg",485.68,722.00,31.10.2027
Denk Pharma,CoLosar-Denk 50/12.5 Cx. 2 x 14 Comp.,"Losartan 50 mg + HCTZ 12,5 mg",298.81,444.00,30.06.2028
AstraZeneca,Crestor 20 mg cx. 28 comp.,"Rosuvastatina 20 mg, comp.",2653.00,3932.00,31.05.2028
Sanofi,Depakine Chrono 500 mg cx. 60 Comp.,Valproato de Sódio 333 mg + Ácido Valpróico 145 mg,1092.00,1618.00,31.08.2027
Sanofi,Depakine Xpe. 200mg/5ml Frsc. 200ml,Ácido Valpróico 200 mg/5 ml,427.00,632.00,30.06.2027
Bluepharma,Desloratadina Bluepharma 5mg cx 20 comp.,Desloratadina 5mg,206.00,305.00,30.06.2027
Bluepharma,"Dextux 2mg/1ml Solução Oral, Frasco de 200 ml",Bromidrato de Dextrometorfano 2 mg/1 ml,392.00,581.00,31.05.2028
BIAL,Diacol Susp 200 ml,Bromidrato de Dextrometorfano 27 mg/ 15 ml,239.80,350.80,30.06.2030
Bluepharma,Diclofenac Bluepharma Gel 10mg/g tb 100 g,Diclofenac 10mg/g gel,281.00,416.00,31.05.2027
Bluepharma,Donepezilo Bluepharma 5 mg cx 56 comp,Donepezilo 5 mg,870.00,1288.00,31.05.2027
Profarma,Doxyderma 100mg cx. 20 comp,Doxiciclina Monohidratada 100 mg,283.00,421.00,25.10.2027
Bene Farmacêutica,Duodix Cx. 20 comp.,Ibuprofeno 200 mg + Paracetamol 500 mg,587.80,867.80,31.03.2028
Profarma,Enalapril 20 mg cx 30 comp.,Enalapril 20 mg,92.00,137.00,30.04.2028
Bluepharma,Enalapril Bluepharma 20 mg cx 60 comp,Enalapril 20 mg comp,737.00,1092.00,30.04.2028
Bluepharma,Enalapril Bluepharma 5 mg cx 60 comp,Enalapril 5 mg comp,774.80,1144.80,30.10.2028
Sanofi,"Enoxaparina Sódica 40mg/0,4ml Sol. Inj. Cx. 10 Seringas PC",Enoxaparina sódica 40 mg/0.4ml. Sol Inj + Cx. 10 Seringas Pré-Cheias,2800.00,4158.00,30.04.2026
Bluepharma,Eplerenona Bluepharma 25 mg cx 30 comp,Eplerenona 25 mg,1084.80,1604.80,31.03.2028
Bluepharma,Eplerenona Bluepharma 50 mg cx 30 comp,Eplerenona 50 mg,1902.00,2818.00,30.11.2027
Bluepharma,Escitalopram Bluepharma 10 mg Cx. 56 Comp.,Escitalopram 10 mg,472.00,698.00,30.11.2027
Bluepharma,Escitalopram Bluepharma 20 mg Cx. 56 Comp.,Escitalopram 20 mg,813.80,1202.80,30.01.2028
Bluepharma,Esomeprazol Bluepharma 20 mg cx 56 comp GR,Esomeprazol 20 mg,1049.00,1555.00,28.02.2028
Bluepharma,Esomeprazol Bluepharma 40 mg cx 56 comp GR,Esomeprazol 40 mg,1318.00,1953.00,30.11.2026
Bluepharma,Etoricoxib Bluepharma 120 mg cx 7 comp,Etoricoxib 120 mg,642.80,949.80,31.07.2027
Bluepharma,Etoricoxib Bluepharma 60 mg cx 20 comp,Etoricoxib 60 mg,638.80,942.80,30.04.2028
Bluepharma,Etoricoxib Bluepharma 90 mg cx 20 comp,Etoricoxib 90 mg,798.80,1180.80,30.04.2028
Bluepharma,Finasterida Bluepharma 5 mg cx 56 comp,Finasterida 5 mg,1136.80,1681.80,31.05.2027
BIAL,Folicil Cx 60,Ácido Fólico 5 mg + Comp. Cx. 60,352.80,518.80,31.08.2028
BIAL,Folifer Cx 60,Sulf. Ferroso 90 mg + Ácido Fólico 1 mg + Comp. Cx. 60,450.80,663.80,31.07.2028
AstraZeneca,Forxiga 10 mg Comp. Cx. 28 Comp. Rev.,Dapagliflozina Propanodiol 10 mg,4300.80,6370.80,31.07.2028
Profarma,Furosemida 20mg/2ml Sol. Inj. cx. 10 Ampolas,Furosemida 20mg/2ml Sol. Inj.,345.00,513.00,25.02.2028
Bluepharma,Fysubac Bluepharma 20 mg/g Créme 15 g,Ácido Fusídico 20 mg/g,328.00,485.00,30.09.2027
Profarma,"Gentakol 0,3% Gotas Oftálmica Frasco 10 ml","Sulfato de Gentamicina 0,3% (3mg/1ml) + Gotas Oftálmicas",325.04,483.00,30.04.2026
Profarma,Gentamicina 80mg/2ml Sol. Inj. cx. 10 Ampolas,Gentamicina Sol. Inj. 80mg/2ml,762.00,1132.00,13.03.2027
Bayer,Gino-Canesten Créme Vaginal 50 g,Clotrimazol 10mg/g + Créme Vaginal Bisn. 50gr,886.00,1313.00,30.04.2028
Profarma,Glibenklamid 5 mg cx 60 comp.,Glibenclamida 5 mg,500.00,743.00,10.07.2028
Denk Pharma,Glimepiride Denk 3 Cx. 3 x 10 Comp.,Glimepirida 3 mg,347.69,517.00,30.04.2027
Bluepharma,Hidrocortisona Bluepharma Creme 10mg/g Tubo 30 gr,Hidrocortisona Creme 10mg/g,239.80,350.80,31.05.2027
Bene Farmacêutica,Ib-U-Ron 150mg Cx 10 Sup.,Ibuprofeno 150 mg,387.80,571.80,28.02.2029
Bene Farmacêutica,Ib-U-Ron 20mg/ml Susp. Oral 200ml,Ibuprofeno 20mg/ml Susp. Oral,439.80,648.80,30.04.2027
Bene Farmacêutica,Ib-U-Ron 400 Cx 20 Comp.,Ibuprofeno 400 mg,458.80,675.80,30.09.2027
Bene Farmacêutica,Ib-U-Ron 40mg/ml Susp. Oral 150ml,Ibuprofeno 40mg/ml Susp. Oral,453.80,668.80,30.04.2028
Bene Farmacêutica,Ib-U-Ron 600 Cx 20 Comp.,Ibuprofeno 600 mg,181.80,265.80,30.11.2027
Bene Farmacêutica,Ib-U-Ron 600 Cx 60 Comp.,Ibuprofeno 600 mg,389.80,573.80,30.09.2027
Bene Farmacêutica,Ib-U-Ron 75mg Cx 10 Sup.,Ibuprofeno 75 mg,363.80,535.80,31.05.2029
Bene Farmacêutica,Ib-U-Ron Gel Mentol 50 mg/g Bisnaga 100 g,"Ibuprofeno 50 mg/g, Gel",814.80,1204.80,31.03.2028
Bene Farmacêutica,Ib-U-Ron Gel Mentol Roll On 50 mg/g,Ibuprofeno 50 mg/g,843.00,1249.00,30.04.2027
Sanofi,Insulina Glargina 100UI/1ml Impact Inj SOLOSTAR Cx. 5 x 3ml,Insulina Glargina 300UI/3ml + 5 Canetas Pré-Cheias,1857.00,2752.00,29.02.2028
Bluepharma,Irbesartan Bluepharma 150 mg cx 28 comp,Irbesartan 150 mg,508.00,753.00,31.01.2028
Bluepharma,Irbesartan Bluepharma 300 mg cx 28 comp,Irbesartan 300 mg,694.80,1026.80,28.02.2028
Bluepharma,Irbesartan Bluepharma 75 mg cx 28 comp,Irbesartan 75 mg,416.80,614.80,28.02.2028
Bluepharma,"Irbesartan+HCTZ Bluepharma 150 mg + 12,5 mg cx 28 comp","Irbesartan 150 mg + HCTZ 12,5 mg",460.00,681.00,30.04.2028
Bluepharma,"Irbesartan+HCTZ Bluepharma 300 mg + 12,5 mg cx 28 comp","Irbesartan 300 mg + HCTZ 12,5 mg",566.80,836.80,31.05.2028
PSI,Jeito J2 Morango 3 x 24,Preservativo Jeito,356.00,529.00,28.02.2030
PSI,Jeito J24 Longa Duração 3 x 24,Preservativo Jeito,356.00,529.00,28.02.2030
PSI,Jeito J3 1500 Borbulhas 3 x 24,Preservativo Jeito,356.00,520.00,28.02.2030
Profarma,"Jodex Spray 8,5% 30ml cx 1","Iodopovidona 8,5%",328.00,488.00,27.02.2027
Profarma,"Ketofex 1,38mg/5ml Xrp. 100ml cx 1","Fumarato de Cetotifeno 1,38mg / 5ml + Frasco 100ml",485.00,721.00,25.05.2027
Profarma,Kidamol Xpe. 120mg/5ml Frasco 120 ml,Paracetamol 120 mg/ 5 ml,256.00,381.00,30.09.2027
Profarma,"Kloramfenikol 0,5% Colírio Frasco 10 ml","Cloranfenicol 0,5%",320.00,432.00,30.09.2026
Bluepharma,Lansoprazol Bluepharma 15 mg cx 56 cáps,Lansoprazol 15 mg,546.00,809.00,31.10.2027
Bluepharma,Lansoprazol Bluepharma 30 mg cx 56 cáps,Lansoprazol 30 mg,531.00,786.00,31.10.2027
Bluepharma,Levetiracetam Bluepharma 1000mg cx 60 comp.,Levetiracetam 1000mg,1726.80,2554.80,30.09.2028
Bluepharma,Levetiracetam Bluepharma 500mg cx 60 comp.,Levetiracetam 500mg,1411.80,2088.80,28.02.2028
Bluepharma,"Lisinopril + HCTZ Bluepharma 20 mg +12,5 mg cx 60 comp","Lisinopril 20 mg + Hidroclorotiazida 12,5 mg comp",641.00,949.00,31.05.2027
Bluepharma,Lisinopril Bluepharma 20 mg cx 56 comp,Lisinopril 20 mg comp,522.80,771.80,30.11.2027
Bluepharma,Lisinopril Bluepharma 5 mg cx 56 comp,Lisinopril 5 mg comp,389.00,576.00,31.05.2027
Denk Pharma,Losar-Denk 50 Cx. 2 x 14 Comp.,Losartan 50 mg,280.76,417.00,31.07.2027
Bluepharma,Losartan + HCTZ Bluepharma 100 mg + 25 mg cx 30 comp,Losartan 100 mg + Hidroclortiazida 25 mg,485.00,717.00,31.12.2028
Bluepharma,"Losartan + HCTZ Bluepharma 50 mg + 12,5 mg cx 60 comp","Losartan 50 mg + Hidroclortiazida 12,5 mg",570.00,844.00,30.06.2028
Profarma,Losartan 50mg cx. 30 comp.,Losartan 50 mg,200.00,297.00,18.02.2028
Bluepharma,Losartan Bluepharma 100 mg cx 60 comp,Losartan 100 mg,699.00,1035.00,31.10.2027
Bluepharma,Losartan Bluepharma 50 mg cx 60 comp,Losartan 50 mg,517.00,765.00,30.06.2027
Bluepharma,Metformina + Vidagliptina 1000+50 Bluepharma Cx. 60 comp.,Metformina 1000 mg + Vidagliptina 50 mg,1133.00,1678.00,30.09.2028
BIAL,Migretil Cx 20,"Ergotamina 1 mg + Cafeína 100 mg + Beladona 0,1 mg + Paracetamol 400 mg + Comp. Cx. 20",255.00,377.00,31.07.2027
Bayer,Minigeste Cx 21,"Etinilestradiol 0,02mg + Gestodeno 0,075mg + Comp. Cx 21",613.00,907.00,31.07.2027
Bluepharma,Montelucaste Bluepharma 10mg cx. 28 comp.,Montelucaste 10mg,685.80,1012.80,31.10.2028
Martindale Pharma,Morfina 10mg/5ml Sol. Oral Frasco 100ml,Morfina 10mg/5ml Solução Oral,284.00,421.00,30.11.2028
Bluepharma,Moxifloxacina Bluepharma 400 mg Cx. 7 Comp.,Moxifloxacina 400 mg,906.00,1342.00,30.06.2028
Profarma,"Nafazolina 0,1% Spray Nasal 10ml","Nitrato de Nafazolina 0,1% Spray Nasal",645.00,958.00,15.04.2027
Profarma,"Neuro B Sol. Inj. (100mg + 50mg + 0,5mg)/2ml Cx. 10 Amp.","Hidrocloreto de Tiamina (Vit. B1) 100mg + Cloridrato de Piridoxina (Vit. B6) 50mg + Cianocobalamina (Vit. B12) 0,5mg",1984.71,2948.00,30.04.2026
Denk Pharma,Nifedi-Denk 10 Retard Cx. 10 x 10 Comp. Retard,Nifedipina 10 mg,471.86,701.00,30.06.2027
Bluepharma,Nimesulida Bluepharma 100 mg cx 20 comp,Nimesulida 100 mg comp,135.00,200.00,31.12.2027
Bluepharma,Omeprazol Bluepharma 20 mg cx 56 caps,Omeprazole 20 mg cáps,338.00,501.00,31.07.2027
BIAL,Ompranyt 20 mg Cx 28,Omeprazole 20 mg + Cáps. Cx 28,352.80,518.80,31.10.2027
Bluepharma,"Orovox Mel-Limão Bluepharma 0,6 + 1,2 mg cx. 24 past.","Diclorobenzílico 0,6 mg + Amilmetacresol 1,2 mg",320.00,473.00,31.10.2027
Bluepharma,"Orovox Morango Bluepharma 0,6 + 1,2 mg cx. 24 past.","Diclorobenzílico 0,6 mg + Amilmetacresol 1,2 mg",320.00,473.00,28.02.2028
Bluepharma,Pantoprazol Bluepharma 20 mg cx 56 comp,Pantoprazol 20 mg,568.80,839.80,31.01.2028
Bluepharma,Pantoprazol Bluepharma 40 mg cx 56 comp,Pantoprazol 40 mg,1050.80,1552.80,31.07.2028
Bluepharma,Paracetamol Bluepharma 1000 mg cx 20 comp,Paracetamol 1000 mg,118.00,174.00,31.01.2028
Bluepharma,Paracetamol Bluepharma 500 mg cx 20 comp,Paracetamol 500 mg,101.00,149.00,30.06.2028
Profarma,Pilokarpine 2% Gotas Oftálmica Frasco 10 ml,Cloridrato de Pilocarpina 2% (20mg/ml) + Gotas Oftálmicas,1100.00,1633.00,31.12.2026
Profarma,Proamlo 5 mg cx 30 comp.,"Amlodipina, Besilato 5 mg",170.00,253.00,31.08.2026
Profarma,ProdBenzoato 25% Emulsão Frasco 200ml,Benzoato de Benzila 25% Emulsão,254.00,378.00,10.03.2027
Bene Farmacêutica,Prolif 250 mg Cx. 20 Cáps,Saccharomyces Boulardii 250 mg,648.80,957.80,29.02.2028
AstraZeneca,Pulmicort 1mg/2ml Cx. 20x2ml (Susp. p/ inalação),Budenosida 1mg/2ml + Cx 20 x 2ml (Susp. p/ inalação),2244.00,3325.00,31.05.2027
Bluepharma,Quetiapina Bluepharma 100mg cx 60 comp.,Quetiapina Fumarato 100mg,1383.80,2047.80,31.01.2028
Bluepharma,Quetiapina Bluepharma 200mg cx 60 comp.,Quetiapina Fumarato 200mg,2197.00,3255.00,31.01.2028
Bluepharma,Quetiapina Bluepharma 25mg cx 20 comp.,Quetiapina Fumarato 25mg,160.00,236.00,31.01.2028
Bluepharma,"Ramipril Bluepharma 2,5 mg cx 60 comp","Ramipril 2,5 mg",452.00,669.00,30.04.2027
Bluepharma,Ramipril Bluepharma 5 mg cx 60 comp,Ramipril 5 mg,478.00,707.00,30.09.2027
BIAL,Rantudil 60 Retard Cx 60 Cáps,Acemetacina 60 mg Cáps LP,1346.80,1992.80,30.09.2030
BIAL,Rantudil 90 Retard Cx 60 Cáps,Acemetacina pó 30 mg + Acemetacina 60 mg (Granulos Retard),2007.80,2972.80,31.08.2028
BIAL,"Reumon Créme 100 mg/g, Tubo de 100 g",Etofenamato 100mg/g + Créme Bisn. 100gr,799.80,1181.80,30.06.2028
BIAL,Reumon Gel 100 g,Etofenamato 50mg/g + Géle Bisn. 100gr,444.80,655.80,30.10.2030
BIAL,Rinialer Comp. Cx 20,Rupatadina 10mg + Comp. Cx. 20,525.80,774.80,31.05.2028
BIAL,Rinialer Solução Oral 120ml,Rupatadina 1mg/ml Solução Oral,628.80,928.80,31.01.2028
Bluepharma,Risperidona Bluepharma 1mg cx 60 comp.,Risperidona Comp 1mg,746.00,1106.00,31.12.2026
Bluepharma,Risperidona Bluepharma 2mg cx 60 comp.,Risperidona Comp 2mg,1278.80,1891.80,30.11.2027
Bluepharma,Risperidona Bluepharma 3mg cx 60 comp.,Risperidona Comp 3mg,1638.00,2427.00,30.11.2027
Bluepharma,Rosuvastatina Bluepharma 10 mg cx. 60 comp.,Rosuvastatina 10 mg,980.80,1450.80,31.12.2027
Bluepharma,Rosuvastatina Bluepharma 20 mg cx. 30 comp.,Rosuvastatina 20 mg,816.80,1207.80,31.05.2027
Bastos & Viegas,"Saco Água Quente 32,5 cm x 19,5 cm",Material,761.00,1127.00,31.10.2027
Bastos & Viegas,Saco Gelo 11 cm x 14 cm,Material,1948.00,2887.00,01.01.2050
Namir Comercial,Saco Plástico Maxi,Saco Plástico,5.00,9.00,.NULL.
BIAL,Sedoxil Cx 60,Mexazolam 1 mg + Comp. Cx. 60,755.80,1116.80,31.07.2029
Bluepharma,Sertralina Bluepharma 100 mg cx 60 comp,Sertralina 100 mg,753.00,1116.00,31.05.2028
Bluepharma,Sertralina Bluepharma 50 mg cx 60 comp,Sertralina 50 mg,353.80,520.80,31.12.2028
Bluepharma,Sildenafil Bluepharma 100mg Cx. 4 comp. revest.,Sildenafil 100mg,1173.80,1735.80,31.03.2029
Bluepharma,Sildenafil Bluepharma 50mg Cx. 4 comp. revest.,Sildenafil 50mg,1052.80,1556.80,31.03.2029
Denk Pharma,Simva-Denk 20 Cx. 3 x 10 Comp.,Sinvastatina 20 mg,308.35,458.00,30.06.2026
Profarma,"Sinus A 0,50ml/ml Spray Nasal 10ml","Cloridrato de Oximetazolina 0,50mg/ml Spray Nasal",792.00,1177.00,08.05.2027
Bluepharma,Sinvastatina Bluepharma 10 mg cx 56 comp,Sinvastatina 10 mg,314.00,465.00,31.10.2027
Bluepharma,Sinvastatina Bluepharma 20 mg cx 56 comp,Sinvastatina 20 mg,364.80,537.80,31.07.2027
Bluepharma,Sinvastatina Bluepharma 40 mg cx 56 comp,Sinvastatina 40 mg,849.00,1257.00,31.10.2026
AstraZeneca,"Symbicort TurboHaler Pó Inal. 160/4,5mcg 120 Doses","Budenosida 160 mcg + Formoterol 4,5 mcg",3959.80,5865.80,30.04.2027
AstraZeneca,"Symbicort TurboHaler Pó Inal. 80/4,5mcg 120 Doses","Budenosida 80 mcg + Formoterol 4,5 mcg",3721.00,5514.00,31.12.2026
Bluepharma,Tadalafil Bluepharma 10 mg cx 4 comp,Tadalafil 10 mg,1172.00,1736.00,31.05.2028
Bluepharma,Tadalafil Bluepharma 5 mg cx 28 comp,Tadalafil 5 mg,2697.00,3996.00,31.10.2027
Bluepharma,Tansulosina Bluepharma 400mcg Cáps cx 30,Tansulosina 400mcg,439.00,649.00,31.05.2028
Bluepharma,Terbinafina Bluepharma 250 mg cx 28 comp,Terbinafina 250 mg,896.80,1325.80,30.06.2028
Aiqura,Termómetro Corporal InfraVermelho Tela Grande,Material Médico,1000.00,1738.00,.NULL.
Bayer,"Testoviron Depot 250mg/ml, Inj. Cx 1 Amp.",Enantato Testosterona 250mg/ml,624.00,923.00,31.12.2029
Bene Farmacêutica,Thrombocid Gel 15mg/g 100gr,Polisulfato Sódico de Pentosano 15mg/g,817.00,1211.00,30.09.2029
Bene Farmacêutica,ThromboVarix 1000 mg cx. 30 Comp.,Diosmina Micronizada 1000 mg + Comprimidos Revestidos Película,871.80,1287.80,31.07.2028
Denk Pharma,Toras-Denk 5 Cx. 3 x 10 Comp.,Torasemida 5 mg,354.03,526.00,31.01.2027
Bene Farmacêutica,Tram-U-Ron LP 100 mg cáps Cx 20,Cloridrato de Tramadol 100mg Lib. Prol.,513.00,760.00,31.03.2027
Bene Farmacêutica,Tram-U-Ron LP 150 mg cáps Cx 20,Cloridrato de Tramadol 150mg,801.00,1187.00,30.04.2027
Bene Farmacêutica,Tram-U-Ron LP 200 mg cáps Cx 20,Cloridrato de Tramadol 200mg,954.80,1411.80,30.04.2027
Bluepharma,Tramadol + Paracetamol Bluepharma 37.5mg x 325mg cx. 20 comp,Tramadol 37.5 mg + Paracetamol 325 mg,178.00,264.00,28.02.2027
Profarma,Tramadol 100 mg / 2 ml Sol. Inj. Cx. 10 ampolas,"Tramadol, Cloridrato 100 mg / 2 ml + Sol. Inj.",730.00,1085.00,30.09.2027
BIAL,Tricef 400 Cx 8,Cefixime 400 mg + Comp. Cx. 8,1597.80,2365.80,31.05.2027
BIAL,Tricef Susp Oral 60 ml,Cefixime 100mg/5ml + Susp. Frsc 60ml,782.80,1156.80,31.05.2027
Bayer,"Ultravist 370 Frsc. 200ml, Injectável","Iopromida 768,86mg/ml, frsc 200ml, emb 1",10285.00,15244.00,30.11.2027
BIAL,Uroflox Cx 16,Norfloxacina 400 mg + Comp. Cx. 16,533.00,790.00,31.05.2027
BIAL,Vicombil 100% Susp. Frasco 250 ml,Ácido ascórbico 60 mg + Cloridrato de Piridoxina 2 mg + Cloridrato de Tiamina 2 mg + Nicotinamida 20 mg + Riboflavina 2 mg,467.80,689.80,31.08.2027
BIAL,Vicombil Cx 60,Retinol 5000 U.I. + Ergocalciferol 500 U.I. + Acetato Tocoferol 10 mg + Cloridrato de Tiamina (B1) 3 m + Riboflavina 2 mg + Cloridrato de Piridoxina 3 mg + Cianocobalamina 1 mcg + Ácido Ascórbico,330.80,485.80,31.08.2027
BIAL,Vicombil Junior Susp. Frasco 200 ml,Ácido ascórbico 60 mg + Cloridrato de Piridoxina 2 mg + Cloridrato de Tiamina 2 mg + Nicotinamida 20 mg + Riboflavina 2 mg,409.80,603.80,31.08.2027
Bluepharma,"Visiocalm Bluepharma 0,2% Gotas Oftal. 10 ml","Hialuronato de Sódio 0,2%",551.00,816.00,31.03.2028
Profarma,Vitamine B Kompleks cx. 60 comp,Cloridrato Tiamina 5 mg + Cloridrato Piridoxina 2 mg + Riboflavina 2 mg + Nicotinamida 30 mg,500.00,743.00,30.04.2028
Bayer,Yasmin Cx 21,"Etinilestradiol 0,03 mg + Drospiridona 3 mg + Comp. Cx. 21",1125.00,1667.00,28.02.2028
BIAL,Yodafar 200 Cx. 50 comp.,"Iodeto de Potássio 0,262mg",262.00,387.00,31.01.2028
AstraZeneca,Zoladex Implante 3.6mg Cx 1,"Goserelina, Acetato 3,6 mg, Cx 1 unidade",9939.00,14731.00,31.08.2027
AstraZeneca,Zoladex LA Implante 10.8mg Cx 1,"Goserrelina, Acetato 10,8 mg",25525.00,37832.00,30.09.2027
Martindale Pharma,Zomorph 10mg Cápsulas LP cx. 60 (Morfina 10mg),Morfina 10mg,623.50,924.00,31.03.2027
Martindale Pharma,Zomorph 30mg Cápsulas LP cx. 60 (Morfina 30mg),Morfina 30mg,1492.00,2211.20,31.03.2027
