laboratory,active_substance,commercial_name,vat_rate,price_pharmacy_ex_vat,price_public_inc_vat
Adcock Ingram,VITAMINA C + ACIDO ACETILSALICILICO + CLORFERINAMINA,CORENZA C Cxs. X10 Comp.Eferv.,0%,225.00,333.00
Adcock Ingram,PARACETAMOL,PANADO 500mg CXS 10 x 12 Comp.,0%,838.00,1243.00
Adcock Ingram,PARACETAMOL,PANADO PAED. SYRUP STRAW ALCOOL E SUGAR FREE 100ml,0%,298.00,442.00
Adcock Ingram,PARACETAMOL,PANADO PED. SYRUP MENTA ALCOOL & SUGAR FREE 100ml,0%,298.00,442.00
Angelini,OMEGA 3+GINKGO BILOBA+VITAMINA E+ÁCIDO FÓLICO,ACUTIL Cxs. X 30 Cáps.,16%,1374.00,2231.00
Angelini,PARACETAMOL + TIOCOLQUICOSIDO,ADALGUR N Cxs. X 60 Comp.,0%,1044.00,1548.00
Angelini,PIRACETAM + VINCAMINA,ANACERVIX FORTE Cxs. X 60 Comp.,0%,1191.00,1765.00
Angelini,NIMESULIDE,AULIN 100mg Cxs. X 18 Saquetas,0%,413.00,613.00
Angelini,CITICOLINA,HIPERCOL SOL.ORAL Frs X 50ml,0%,1239.00,1836.00
Angelini,MAGNÉSIO 300 MG + COMPLEXO VIT B,MAGNESIUM B(MG 300 MG+ COMPLEXO B) Cxs X 30 Comp.,16%,1066.00,1730.00
Angelini,MAGNÉSIO,MAGNESIUM OK - Cxs X 30 Comp.,16%,1123.00,1822.00
Angelini,NAPROXENO 200 MG,MOMENDOL-Cxs X 12 Comp(Naproxeno 200 mg),0%,283.00,420.00
Angelini,"GLUCOSAMINA 1200+CONDROITINA 200+MAGNESIO 0,5+VIT E 6,7+VIT B6 8,2 MG",OPTIMUS Cxs. X 30Saq,16%,2044.00,3320.00
Angelini,"GLUCOSAMINA 600+CONDROITINA 100+MG 0,5+ VIT E 6,7+VIT B6 8,2 MG",OPTIMUS Cxs. X 60 Cp.,16%,1673.00,2717.00
Angelini,OXOLAMINA,OXOLAMINA XAROPE Frs X 250 ML,0%,392.00,581.00
Angelini,HIDRÓXIDO DE ALUMÍNIO,PEPSAMAR,0%,307.00,455.00
Angelini,CLORIDRATO DE BENZIDAMINA,TANTUM VERDE NEBULIZADOR INF. Frs. X 30ml,0%,480.00,712.00
Angelini,CLORIDRATO DE BENZIDAMINA,TANTUM VERDE NEBULIZADOR Frs. X 15ml,0%,495.00,734.00
Angelini,BENZIDAMIDA + BENZOCAÍNA,TANTUM VERDE PASTILHAS LIMÃO Cxs. X 20,0%,392.00,581.00
Angelini,BENZIDAMIDA + BENZOCAÍNA,TANTUM VERDE PASTILHAS MEL - LARANJA Cxs. X 20,0%,373.00,553.00
Angelini,BENZIDAMIDA + BENZOCAÍNA,TANTUM VERDE PASTILHAS MENTA Cxs. X 20,0%,334.00,495.00
Angelini,BENZIDAMINA + CLORIDRATO,TANTUM VERDE SOLUÇÃO ORAL Frs. X 240ml,0%,411.00,609.00
Angelini,TRAZODONA,TRITICUM 100mg Cxs. X 60 Comp.,0%,886.00,1312.00
Angelini,TRADOZONA,TRITICUM AC 150mg Cxs. X 60 Comp.,0%,1306.00,1937.00
Angelini,GLICEROL,VEROLAX MICROCLISTER - Cxs X 6,0%,385.00,571.00
Ashford,5mg/ml Betaxolol,ACCULOL 0.5% COLIRIO X 5ml,0%,318.00,472.00
Ashford,HIPROMELOSE,COOL EYES COLIRIO X 10ml,0%,199.00,294.00
Ashford,CROMALINA SODICA 20 mg/ml,CROMAX-2 Colirio Frs x 10ml,0%,339.00,503.00
Ashford,DEXAMETASONA 1mg + NEOMICINA 5 mg,DEXOPTIC-N COLIRIO X 10ml,0%,191.00,283.00
Ashford,Framicetina Sulfato + Fosfato Sódico Dexametasona + Gramicidina,FRAMOPTIC-D GOTAS AURICULAR/OFT. x10ml,0%,313.00,464.00
Ashford,NEOMICINA SULFATO + SULFATO DE POLIMIXINA + DEXOMETASONA,MAXISPORIN EYE DROPS - FRS. X 5 ML,0%,347.00,515.00
Ashford,Ciprofloxacina,NOVAFLOX COLIRIO X 5ml,0%,253.00,375.00
Ashford,Polimixina B Sulfato + Neomicina Sulfato + Gramicidina,NOVASPORIN COLIRIO X 5ml,0%,236.00,351.00
Ashford,Timolol 5mg/ml,"OPTIMOL 0,5% COLIRIO X 5ml",0%,276.00,410.00
Ashford,CLORANFENICOL+DEXAMETASONA+TETRAHIDROZOLINA,OPTODEXINE COLIRIO X5ml (2-8ºC),0%,229.00,339.00
Ashford,CLORANFENICOL,OPTOMYCIN COLIRIO X 10ml (2-8ºc),0%,97.00,144.00
Ashford,Cloranfenicol 5mg/ml + Dexametasona 1mg/ml,OPTOMYCIN-D COLIRIO X 5ml(2-8ºC),0%,191.00,282.00
Ashford,CLORETO DE SODIO,SODIUM CHLORIDE 0.9% COLIRIO X 10ml,0%,182.00,270.00
Atral-Cipan,ALPRAZOLAM,"ALPRAZOLAM PAZOLAM 0,5mg X 60 Comp.",0%,416.00,617.00
Atral-Cipan,AZITROMICINA,AZITROMICINA ATRAL 500mg X 3 Comp.,0%,266.00,395.00
Atral-Cipan,CREME HIDRATANTE,BARRAL CREME GORDO X 200 g,16%,1244.00,2022.00
Atral-Cipan,CREME HIDRATANTE,BARRAL D.P. CREME MÃOS X 75ml,16%,825.00,1340.00
Atral-Cipan,CREME HIDRATANTE,BARRAL D.P. CREME REPARADOR PÉS X 100ml,16%,331.00,544.00
Atral-Cipan,CREME HIDRATANTE,BARRAL STOP 24 X 40g,16%,994.00,1614.00
Atral-Cipan,(Amoxicilina 600mg + Ac. Clavulanico 42.9)/5ml,"BETAMOX ES (600mg/5ml+42.9/5ml), Emb x 100ml",0%,658.00,975.00
Atral-Cipan,AMOXICILINA + ÁCIDO CLAVULÁNICO,BETAMOX PLUS 1g-Cxs X 16 Cp.,0%,772.00,1143.00
Atral-Cipan,AMOXICILINA + ÁCIDO CLAVULÁNICO,BETAMOX PLUS 457 Sol.Oral Frs. X 100ml,0%,664.00,984.00
Atral-Cipan,GINKGO BILOBA,BILOBAN 40mg Cxs. X 60 Comp.,0%,681.00,1009.00
Atral-Cipan,DICLOFENAC,DICLODENT Frs. X 200ml,0%,671.00,995.00
Atral-Cipan,LISINOPRIL + HCTZ,"ECAMAIS 20mg+12,5mg-Cxs X 60 Cp.",0%,1290.00,1911.00
Atral-Cipan,LISINOPRIL,ECAPRIL 20mg -Cxs X 60 Comp.,0%,757.00,1122.00
Atral-Cipan,PENICILINA BENZATÍNICA,LENTOCILIN S 1200 Inj Frs. X 1 ampola de 4ml,0%,567.00,840.00
Atral-Cipan,PENICILINA BENZATÍNICA,LENTOCILIN S 2400 Inj Frs. X 1 ampola de 6.5ml,0%,648.00,960.00
Atral-Cipan,"CLORIDRATO DE BROMEXINA 1,6 MG/ML",LISOMUCIN XAROPE 8mg/5ml Frs x 200ml,0%,446.00,661.00
Atral-Cipan,CEFIXIMA 400mg,NEOCEF 400mg -Cxs X 8 Comp.,0%,709.00,1050.00
Atral-Cipan,CEFIXIMA,NEOCEF SUSP ORAL FRS X 120ML,0%,342.00,507.00
Azevedos,Acetilcisteina 40mg/ml,"ACETILCISTEINA AZEVEDOS 40mg/ml, Frs x 200ml",0%,395.00,586.00
Azevedos,Acetilcisteina 600mg,ACETILCISTEINA TUSSILENE 600mg Cxs 20 Comp. Eferv.,0%,304.00,450.00
Azevedos,ÁCIDO ALENDRÓNICO,ACIDO ALENDRÓNICO AZEVEDOS 70mg X 4 Comp.,0%,433.00,641.00
Azevedos,PARACETAMOL + ACIDO ACETILSALICILICO + VITAMINA C,AFEBRYL Tubo X16 Cp. Eferv.,0%,287.00,426.00
Azevedos,ARTEMETHER + LUMEFANTRINA,AIRALAM X 24 Comp.,0%,452.00,669.00
Azevedos,AMBROXOL,AMBROXOL TUSSILENE 6MG/ML XAROPE X 200ML,0%,278.00,412.00
Azevedos,AMLODIPINA,AMLODIPINA AZEVEDOS 10mg -Cxs X 30 Comp.,0%,353.00,523.00
Azevedos,Lactobacillus casei,ANTIBIOPHILUS 250mg X 20 Capsulas,0%,450.00,668.00
Azevedos,Lactobacillus casei,ANTIBIOPHILUS SAQUETAS X 20 Saquetas,0%,792.00,1174.00
Azevedos,ATENOLOL,ATENOLOL AZEVEDOS 100mg-Cxs X 56 Comp.,0%,792.00,1175.00
Azevedos,ATENOLOL,ATENOLOL AZEVEDOS 50mg-Cxs X 56 Comp.,0%,443.00,657.00
Azevedos,ATROVASTATINA 20 MG,"ATORVASTATINA AZEVEDOS 20 MG, CXS. X 28 COMP.",0%,485.00,719.00
Azevedos,ATORVASTATINA 40 MG,"ATORVASTATINA AZEVEDOS 40 MG, CXS X 28 COMP.",0%,630.00,935.00
Azevedos,AZITROMICINA 500mg,AZITROMICINA AZEV 500mg PO INJ - Emb x 10 frs,0%,2253.00,3337.00
Azevedos,AZITROMICINA,AZITROMICINA AZEVEDOS 500MG CXS X 3 COMP.,0%,267.00,396.00
Azevedos,CÁLCIO 500mg,BIOLECTRA CALCIUM X 20 Comp.Eferv,16%,842.00,1368.00
Azevedos,MAGNESIO + POTASSIO,"BIOLECTRA CARDIO ACTIVE, EMB X 20 CPS",16%,1067.00,1731.00
Azevedos,CARVEDILOL,CARVEDILOL AZEVEDOS 25mg X 60 Comp.,0%,694.00,1028.00
Azevedos,CARVEDILOL,"CARVEDILOL AZEVEDOS 6,25mg X 60 Comp.",0%,358.00,530.00
Azevedos,CINARIZINA,CINON FORTE 75mg Cxs X 60 Caps.,0%,348.00,516.00
Azevedos,Ciprofloxacina,CIPROFLOXACINA AZEVEDOS 500mg X 16 Comp,0%,449.00,666.00
Azevedos,CLARITROMICINA 500 MG,"CLARITROMICINA 500 MG AZEV, PO P/ SOL. INJ, 1 UN",0%,286.00,424.00
Azevedos,CLARITROMICINA,CLARITROMICINA AZEVEDOS 500mg X 16 Comp.,0%,868.00,1286.00
Azevedos,Paracetamol 500mg + Tiocolquicosido 2mg,"DESCONTRAN 500mg/2mg, Cxs x 30 cps",0%,321.00,475.00
Azevedos,DEXTROMETORFANO,DEXTROMETORFANO TUSSILENE XAROPE X 200ml,0%,305.00,452.00
Azevedos,DICLOFENAC,DICLOFENAC AZEVEDOS GEL 10mg/g-Tb X 100g,0%,374.00,555.00
Azevedos,SULFATO DE GLUSAMINA + SULFATO DE CONDROITINA,DOLMIX (Glucosamina + Condroitina) Emb x 28 cps,16%,1503.00,2441.00
Azevedos,Flucloxacilina,FLUCLOXACILINA AZEVEDOS 500MG Cxs x 24 cáps.,0%,460.00,682.00
Azevedos,Ácido ascórbico 1g,HERMES CEVITT LARANJA 1GR VIT C Tub.20 Comp.Eferv.,16%,488.00,793.00
Azevedos,MULTIVITAMINAS+CÁLCIO+MAGNÉSIO+ZINCO,HERMES MULTIVIT X 20 Comp.Eferv,16%,473.00,768.00
Azevedos,IBUPROFENO,IBUPROFEN ALGIK Susp. Oral Frs x 200ml,0%,267.00,396.00
Azevedos,IBUPROFENO,IBUPROFENO AZEVEDOS 400mg- Cxs X 20 Comp.,0%,158.00,235.00
Azevedos,IBUPROFENO,IBUPROFENO AZEVEDOS 400mg- Cxs x 60 Comp.,0%,214.00,317.00
Azevedos,IBUPROFENO,IBUPROFENO AZEVEDOS 600mg- Cxs X 20 Comp.,0%,211.00,313.00
Azevedos,IBUPROFENO,IBUPROFENO AZEVEDOS 600mg- Cxs X 60 Comp.,0%,428.00,634.00
Azevedos,IRBESARTAN,IRBESARTAN AZEVEDOS 150mg X 28 Comp,0%,563.00,835.00
Azevedos,IRBESARTAN,IRBESARTAN AZEVEDOS 300mg X 28 Comp,0%,837.00,1240.00
Azevedos,IRBESARTAN + HIDROCLOROTIAZIDA,IRBESARTAN+HCTZ (150MG+12.5MG) AZEVEDOS X 28 COMP,0%,492.00,729.00
Azevedos,TIROTRICINA + MENTOL + BENZOCAÍNA,"MENTOCAINA ""R"" X 20 Pastilhas",0%,216.00,321.00
Azevedos,"FLURBIPROFENO 8,75 MG","MENTOCAINA ANTI-INFLAM, CXS. 24 PASTILHAS",0%,359.00,533.00
Azevedos,"ALCOOL DICLOROBENZILICO 1,2 MG + AMILMETACRESOL 0,6 MG","MENTOCAINA MEL E LIMÃO, CXS X 24 PASTILHAS",0%,321.00,475.00
Azevedos,Metformina 1000mg,METFORMINA AZEVEDOS 1G Cxs x 60 Comp.,0%,716.00,1062.00
Azevedos,METFORMINA,METFORMINA AZEVEDOS 500mg X 60 Comp.,0%,353.00,523.00
Azevedos,METFORMINA,METFORMINA AZEVEDOS 850mg-Cxs X 60 Comp.,0%,700.00,1037.00
Azevedos,METFORMINA + VIDAGLIPTINA 1000 MG + 50 MG,"METFORMINA+VIDAGLIPTINA AZEV 1000MG+50MG, 60 COMP",0%,784.00,1161.00
Azevedos,METFORMINA+VIDAGLIPTINA 850 MG + 50 MG,"METFORMINA+VIDAGLIPTINA AZEV 850MG+50MG, 60 COMP",0%,862.00,1278.00
Azevedos,CLOTRIMAZOL,NALBIX CREME Tubo X 20g,0%,139.00,206.00
Azevedos,CLOTRIMAZOL,"NALBIX 0,1g Cxs X 6 Comprimidos Vaginais",0%,214.00,317.00
Azevedos,CLOTRIMAZOL,NALBIX SOLUÇÃO CUTÂNEA Frs X 30ml,0%,214.00,317.00
Azevedos,NIMESULIDA MICRONISADA 30MG/G,"NIMED GEL 30mg/g, Bis X 100g",0%,836.00,1239.00
Azevedos,OMEPRAZOL 20 MG,OMEPRAZOL AZEVEDOS 20MG Cxs x 56 Cáps.,0%,802.00,1188.00
Azevedos,OMEPRAZOL 40 MG,OMEPRAZOL AZEVEDOS 40mg-Pó p/Sol Perfusão-10 frs,0%,2007.00,2975.00
Azevedos,"Arginina, ginkgo biloba, fósforo, ginseng e vitaminas.","PANVITOL ENERGY BOOST, Emb x 20 ampolas",16%,1636.00,2656.00
Azevedos,GLICINA + GINSENG SIBERIANO + VIT. B 12,PANVITOL: MIND POWER - Cxs x 20 amp x 10ml,16%,580.00,941.00
Azevedos,Paracetamol 32mg/ml,"PARACETAMOL ALGIK 32mg/ml SOL. ORAL, FRS X 120ml",0%,259.00,383.00
Azevedos,PARACETAMOL 1000 MG,"PARACETAMOL AZEVEDOS 1000 MG, CXS X 18 COMP.",0%,131.00,194.00
Azevedos,PARACETAMOL 500 MG,PARACETAMOL AZEVEDOS 500mg X 20 Comp.,0%,118.00,174.00
Azevedos,DOMPERIDONA,REMOTIL 10mg Cxs x 20 comp.,0%,172.00,255.00
Azevedos,Rosuvastatina 10mg + Ezetimiba 10mg,"ROSUMIBE 10 mg + 10 mg, Emb x 60 comprimidos",0%,2448.00,3628.00
Azevedos,ROSUVASTATINA 20mg + EZETIMIBA 10mg,"ROSUMIBE 20 mg + 10 mg, Emb x 60 comprimidos",0%,2701.00,4003.00
Azevedos,ROSUVASTATINA 40MG + EZETIMIBA 10MG,"ROSUMIBE 40 mg + 10 mg, Emb x 60 comprimidos",0%,3021.00,4478.00
Azevedos,Rosuvastatina 10mg,ROSUVASTATINA AZEVEDOS 10 MG x 56 COMP. REVESTIDOS,0%,1224.00,1814.00
Azevedos,Rosuvastatina 20mg,ROSUVASTATINA AZEVEDOS 20 MG x 28 COMP. REVESTIDOS,0%,876.00,1298.00
Azevedos,Rosuvastatina 5mg,ROSUVASTATINA AZEVEDOS 5 MG x 56 COMP. REVESTIDOS,0%,855.00,1267.00
Azevedos,SILDENAFIL,SILDENAFIL AZEVEDOS 100MG CXS X 4 COMP.,0%,822.00,1218.00
Azevedos,SILDENAFIL,SILDENAFIL AZEVEDOS 50MG CXS X 4 COMP.,0%,695.00,1031.00
Azevedos,SOLUÇÃO HIPERTÓNICA DE ÁGUA DO MAR,SINOMARIN ADULTO X 125ml,16%,671.00,1090.00
Azevedos,SOLUÇAO HIPERTONICA AGUA DO MAR,SINOMARIN BEBÉ Cx 18 amp x 5ml,16%,750.00,1218.00
Azevedos,SOLUÇÃO HIPERTONICA DE AGUA DO MAR,SINOMARIN INFANTIL Frs x 100ml + 25ml,16%,626.00,1016.00
Azevedos,TADALAFIL 10 MG,"TADALAFIL 10 MG AZEVEDOS, CXS X 4 COMP.",0%,949.00,1407.00
Azevedos,TADALAFIL 20 MG,"TADALAFIL 20 MG AZEVEDOS, CXS X 4 COMP.",0%,1188.00,1762.00
Azevedos,TADALAFIL 5MG,"TADALAFIL AZEVEDOS 5MG, EMB X 28 COMPRIMIDOS",0%,1828.00,2709.00
Azevedos,TANATO DE GELATINA 250 MG,TASECTAN 250mg X 20 Saquetas,16%,674.00,1094.00
Azevedos,TRAMADOL,TRAMADOL AZEVEDOS 50mg- Cxs X 20 Cáps,0%,243.00,360.00
Azevedos,DIMINIDRINATO,VOMIDRINE 50mg Cxs X 20 Comp.,0%,158.00,235.00
Azevedos,DIMENIDRINATO 50 MG,"VOMIDRINE DIRECT 50, CXS. X 10 COMP. SUBLINGUAL",0%,411.00,610.00
Baldacci,AMBROXOL,AMBROXOL FLUIDOX 30mg -Cxs X 20 Comp.,0%,370.00,548.00
Baldacci,AMBROXOL,"AMBROXOL FLUIDOX, XAROPE X 200ml",0%,757.00,1122.00
Baldacci,Ácido Fólico 400mcg,"BALFOLIC 400mcg - Ac. Fólico, Emb x 120 cps",0%,928.00,1374.00
Baldacci,Maleato de Dimetindeno,"BALPIC 1mg/g Gel-Maleato de Dimetindeno, Bis x 30g",0%,612.00,906.00
Baldacci,AMINOFTONA 75mg,CAPILAREMA 75mg Cxs. X 60 Comp,0%,895.00,1327.00
Baldacci,Cetirizina 1mg/ml,"CETIRIZINA BALDACCI Sol Oral 1mg/ml, Frs x 150ml",0%,423.00,627.00
Baldacci,GLUCOSAMINA,GLUCOSAMINA GLUSINA 1500mg - Cxs X 20 saq,0%,502.00,744.00
Baldacci,ÓXIDO DE ZINCO + DIÓXIDO DE TITÂNIO + PANTOCAÍNA,HEMOFISSURAL PASTA X 20g,0%,490.00,726.00
Baldacci,ÓXIDO ZINCO+ACIDO ACETILSALICILICO+ÁC. BÓRICO,LAURODERME CHAMPÔ ANTI LÁGRIMA X250ml,16%,799.00,1298.00
Baldacci,ÓXIDO ZINCO+ACIDO ACETILSALICILICO+ÁC. BÓRICO,LAURODERME CREME BARREIRA Tub x100g,16%,999.00,1622.00
Baldacci,ÓXIDO ZINCO+ACIDO ACETILSALICILICO+ÁC. BÓRICO,LAURODERME CREME HIDRATANTE X 250ml,16%,1343.00,2180.00
Baldacci,ÓXIDO ZINCO+ACIDO ACETILSALICILICO,LAURODERME CREME X 100g,0%,676.00,1002.00
Baldacci,ÓXIDO ZINCO+ACIDO ACETILSALICILICO+ÁC. BÓRICO,LAURODERME GEL BANHO X 250ml,16%,1074.00,1745.00
Baldacci,ÓXIDO ZINCO+ACIDO ACETILSALICILICO+ÁC. BÓRICO,"LAURODERME LÍQ CUTÂNEO, FRS X 150ml",0%,525.00,779.00
Baldacci,ÓXIDO ZINCO+ACIDO ACETILSALICILICO,LAURODERME PASTA X 100g,0%,618.00,916.00
Baldacci,ÓXIDO ZINCO+ACIDO ACETILSALICILICO+ÁC. BÓRICO,LAURODERME PASTA X 50g,0%,496.00,735.00
Baldacci,ÓXIDO ZINCO+ACIDO ACETILSALICILICO+ÁC. BÓRICO,LAURODERME PÓ X 100g,0%,548.00,812.00
Baldacci,ÓXIDO ZINCO+ACIDO ACETILSALICILICO+ÁC. BÓRICO,LAURODERME PÓ X 50g,0%,353.00,524.00
Baldacci,ÓXIDO ZINCO+ACIDO ACETILSALICILICO+ÁC. BÓRICO,LAURODERME SABONETE X 100g,16%,481.00,781.00
Baldacci,PICOSSULFATO DE SÓDIO,"LAXODAL 7,5mg GOTAS Frs X 30ml",0%,504.00,747.00
Baldacci,PIROMETAXINA,NARLISIM SPRAY FRS X 20ML,16%,993.00,1613.00
Baldacci,"D-QUIRO-INOSITOL, VIT D3, ACIDO FOLICO, CROMIO, MANGANES, IODO E ZINCO",OVULIDER CXS X 30 CAPSULAS,16%,3773.00,6128.00
Baldacci,SINVASTATINA,SINVASTATINA BALDACCI 20mg X 60 Comp.,0%,785.00,1163.00
Baldacci,FERALGINA 30 MG,"TECNOFER PLUS, Emb x 30 cápsulas",16%,2435.00,3954.00
Catalysis,Produtos de Saude,BLUE-CAP GEL DE BANHO X 400ml,16%,2023.00,3286.00
Catalysis,Produtos de Saude,BLUE-CAP SHAMPO X 150ml,16%,1192.00,1936.00
Catalysis,Produtos de Saude,BLUE-CAP SPRAY x 100ml,16%,1247.00,2025.00
Catalysis,Produtos de Saude,CICATRIX CREAM X 30ML,16%,1669.00,2710.00
Catalysis,Produtos de Saude,FOLREX CREAM X 100ml,16%,794.00,1290.00
Catalysis,Produtos de Saude,MELANIL CREME x 50ml,16%,2384.00,3871.00
Catalysis,Produtos de Saude,RENALOF Cxs x 30 cáps.,16%,915.00,1484.00
Catalysis,Produtos de Saude,RENALOF X 90 Caps,16%,1425.00,2315.00
Catalysis,Produtos de Saude,SPERMOTREND Cxs x 30 cáps.,16%,998.00,1621.00
Catalysis,Produtos de Saude,VIUSID ORAL SOLUTION X 100ml,16%,716.00,1161.00
Catalysis,Produtos de Saude,VIUSID SACHETS X 21 SAQ.,16%,1723.00,2798.00
Codal-Synto,Clomifeno 50mg,CLOMIFENO FERTILAN 50mg x 10 comprimidos,0%,344.00,510.00
Codal-Synto,Levofloxacina 500mg,FLOXASYNT (Levofloxacina) 500mg x 10cps,0%,631.00,935.00
Codal-Synto,BROMOCRIPTINA,"PIRODAL (Bromocriptina) 2,5mg - Cxs X 30 Comp.",0%,511.00,756.00
Codal-Synto,TRAMADOL 100 MG/ 2 ML,"ROFY 100 MG/2 ML, CXS X 5 AMPOLA(TRAMADOL)",0%,450.00,666.00
Codal-Synto,Rosuvastatina 10mg,ROVASYN (Rosuvastatina) 10mg x 60cps,0%,671.00,994.00
Codal-Synto,Rosuvastatina 20mg,ROVASYN (Rosuvastatina) 20mg x 30cps,0%,803.00,1190.00
Codal-Synto,Carbamazepina 200mg,SYNTOPINE (Carbamazepina) 200mg x 50 comprimidos,0%,258.00,383.00
Codal-Synto,COTRIMOXAZOL,SYNTOPRIM 480mg Cxs. X 100 Comp.,0%,229.00,340.00
Dafra Pharma,"HIDROXIDO DE FERRO 100 MG + ACIDO FOLICO 0,35 MG","AMIFER FORTE 100/0,35 MG, CXS X 30 COMP.",0%,265.00,393.00
Dafra Pharma,HIDROXIDO DE FERRO 50 MG/5 ML,"AMIFER JUNIOR SOL. ORAL, FRS X 150ML",0%,257.00,381.00
Dafra Pharma,CEFTRIAXONA + LIDOCAINA,CETAFOR 1000mg IM -Amp+Solv,0%,182.00,270.00
Dafra Pharma,CEFTRIAXONA,CETAFOR 1000mg IV x 10ml -Amp+Solv,0%,169.00,251.00
Dafra Pharma,Ciprofloxacina 200mg/100ml,CIPRONAT 200mg/100ml IV (ciprofloxacina) Frs 100ml,0%,306.00,453.00
Dafra Pharma,Ciprofloxacina,CIPRONAT 500mg Cx X 14 Comp.,0%,193.00,286.00
Dafra Pharma,ARTESUNATO+SULFAMETOXIPIRIZINA+PIRITAMINA,CO-ARINATE FDC ADULTO Cxs X 3 Comp.,0%,309.00,457.00
Dafra Pharma,ARTESUNATO+SULFAMETOXIPIRIZINA+PIRITAMINA,CO-ARINATE FDC JÚNIOR Cxs X 3 Comp.,0%,200.00,297.00
Dafra Pharma,AMOXICILINA + ÁCIDO CLAVULÁNICO,DAFRACLAV 400/57mg FrsX70ml,0%,268.00,397.00
Dafra Pharma,AMOXICILINA + ÁCIDO CLAVULÁNICO,DAFRACLAV 500/125mg Cxs X 15 Comp.,0%,423.00,627.00
Dafra Pharma,OMEPRAZOL,DAFRAZOL 20mg Cxs. X 14 Capsulas,0%,212.00,314.00
Dafra Pharma,OMEPRAZOL,DAFRAZOL 20mg X 28 Capsulas (omeprazol ),0%,322.00,477.00
Dafra Pharma,ISOCONAZOLE + DIFLUCORT,DUOSKIN CREME Tub. x 15g,0%,331.00,490.00
Dafra Pharma,CLORETO DE DEQUALINIUM 10 MG,FLUOMIZIN 10 MG CXS x 6 COMP VAGINAIS,0%,348.00,516.00
Dafra Pharma,FLURBIPROFENO,FLURIFEN 100mg Cxs x 15 Comp.,0%,221.00,327.00
Dafra Pharma,OMEGA 3,FORTALINE PLUS 500mg - OMEGA 3 Cxs X 20 Caps,16%,351.00,570.00
Dafra Pharma,LEVODROPROPIZINA 6 MG/ML,HACTOSEC 6 MG/ML XAROPE FRS X 150 ML,0%,290.00,429.00
Dafra Pharma,LORATADINA,LORATOL 10mg Cxs x 10 comp,0%,221.00,327.00
Dafra Pharma,LORATADINA,LORATOL 5mg/5ml Susp. Frs x 100ml,0%,316.00,469.00
Dafra Pharma,AZITROMICINA 500mg,MACROLYN 500 MG (AZITROMICINA) Cxs x 3 comp.,0%,182.00,270.00
Dafra Pharma,"Meropenem anidro 1g, pó p/ solução p/ inj. ou infusão",MERONIA 1000 PÓ P/SOLUÇÃO INJ. Frs 20ml,0%,1055.00,1563.00
Dafra Pharma,"Meropenem 500 MG anidro, pó p/ solução p/ inj. ou infusão",MERONIA 500 PÓ P/SOLUÇÃO INJ. Frs 20ml,0%,641.00,951.00
Dafra Pharma,Tiocolquicosideo 8mg,"MUSCUREL (Tiocolquicosideo 8mg), Cxs x 10caps",0%,386.00,573.00
Dafra Pharma,PARACETAMOL,PAROL 250mg/5ml Susp Frs. X 100ml,0%,166.00,247.00
Dafra Pharma,PARACETAMOL,PAROL 500mg Cxs. X 30 Comp.,0%,105.00,156.00
Dafra Pharma,IBUPROFENO,PEDIFEN 400mg Cxs. X 30 Comp,0%,159.00,235.00
Dafra Pharma,PARACETAMOL 650 MG+CL.FENILEFRINA 10 MG+MALEATO CLORFENIRAMINA 4 MG,RHINO PAROL CXS X 20 COMPRIMIDOS,0%,193.00,286.00
Dafra Pharma,Cefedinir 300 mg,"TRISPORIN 300mg, Emb x 10 cps",0%,617.00,915.00
Emcure,CLOPIDOGREL 75MG,ANTIPLAR 75mg Cxs x 40 comp.,0%,148.00,220.00
Emcure,"CEFTRIAXONA 1G, Cxs x 1 frs",C-TRI - 1g Cxs x 1 frs pó p/ inj. - IM / IV,0%,84.00,126.00
Emcure,FERRO 100MG/5ML,ENCIFER INJ. 100mg/5ml Cxs x 5 ampolas,0%,1020.00,1512.00
Emcure,"ENOXAPARINA SÓDICA 40MG, SYRINGE X 1ML",LOMOH-40 40mg inj. Cxs1 seringa( ENOXAPARIN),0%,192.00,285.00
Emcure,"ENOXAPARINA SÓDICA 60MG, SYRINGE X 1ML",LOMOH-60 60mg Cxs 1 seringa,0%,145.00,215.00
Emcure,LOSARTAN 50MG,NUSAR 50mg Cxs x 30 comp.,0%,76.00,113.00
Emcure,LOSARTAN + HCTZ,NUSAR-H 50/12.5mg Cxs x 30 comp.,0%,85.00,127.00
Emcure,FERRO ELEMENTAR 50MG/5ML,OROFER XAROPE Frs x 150ml,0%,108.00,160.00
Emcure,(SALBUTAMOL 1MG+BROMEXINA 2MG+GUAIFENESINA 50MG) /5ML,VIFEX XAROPE FrX100ml,0%,60.00,88.00
Emcure,ERITROPOIETINA 4000 IU,"VINTOR 400, NA 4000 IU INJ, 1 SERINGA 1 ML (2-8*C)",0%,901.00,1336.00
F.J.Campos,ALHO,ALHO SUPER S/ODOR X 90 Cáps.,16%,1265.00,2054.00
F.J.Campos,CARVÃO+LACTOBACILLUS,CARVÃO VEGETAL E ÁCIDÓFILUS X 120 Cáps,16%,1389.00,2254.00
F.J.Campos,GELATINA DE PEIXE+LEVEDURA DE CERVEJA+LEVEDURA DE SELÉNIO,COMPLEXO CABELO E UNHAS X 90 Cáps,16%,961.00,1560.00
F.J.Campos,Oleo de Figado de Bacalhau,OLEO DE FIGADO DE BACALHAU XAROPE X 500ml,16%,1788.00,2903.00
F.J.Campos,ÓLEO DE ONAGRA+ÓLEO DE SALMÃO+AZEITE+VIT E,OMEGA 3/6/9 - Frs X 90 Cáps,16%,1495.00,2428.00
F.J.Campos,SABONETE,SABONETE AMENDOAS DOCES X 140g,16%,381.00,618.00
F.J.Campos,SABONETE,SABONETE ADELGAÇANTE X 140g,16%,243.00,398.00
F.J.Campos,(em branco),SABONETE ALGAS,16%,363.00,596.00
F.J.Campos,SABONETE,SABONETE BABA DE CARACOL x 140g,16%,458.00,743.00
F.J.Campos,SABONETE,SABONETE DE ALCATRÃO x 90g,16%,187.00,303.00
F.J.Campos,SABONETE,SABONETE DE ALOE VERA x 90 Grs,16%,248.00,402.00
F.J.Campos,SABONETE,SABONETE DE ARGILA E MALVAS X 140g,16%,323.00,524.00
F.J.Campos,SABONETE,SABONETE DE ARGILA X 140g,16%,336.00,545.00
F.J.Campos,SABONETE,SABONETE DE AZEITE X 140G,16%,366.00,594.00
F.J.Campos,SABONETE,"SABONETE DE ENXOFRE, Cxs x 90 g",16%,224.00,364.00
F.J.Campos,SABONETE,SABONETE DE GLICERINA (GLICERPYL) x 110g,16%,267.00,433.00
F.J.Campos,SABONETE,SABONETE DE MEL X 140G,16%,389.00,630.00
F.J.Campos,SABONETE,SABONETE LEITE DE BURRA+CoQ10 X 140g,16%,521.00,844.00
F.J.Campos,SAW PALMETTO 150 MG+UNHA GATO 50 MG+QUELATO ZINCO 20 MG+GINSENG 10 MG,SAW PALMETTO PROSTA Frs x 180 Comp.,16%,1891.00,3072.00
F.J.Campos,PAU CABINDA+MURAPUAMA+OSTRA+VITAMINA E,SEXUAL POWER + PAU DE CABINDA X 20 amp.,16%,4876.00,7919.00
F.J.Campos,GINSENG + MUIRAPUAMA + OSTRA + CATUABA,SEXUAL POWER EXTRA GOLD MAN X 60 Comp.,16%,2340.00,3800.00
F.J.Campos,,"STOP ACNE Frs x 60 cáps., (+30 oferta).",16%,1413.00,2294.00
F.J.Campos,SABONETE,STOP ACNE SABONETE X 90 G,16%,448.00,728.00
F.J.Campos,VALERIANA 150 MG+LECITINA SOJA 00 MG+PASSIFLORA 90 MG+CRATAEGUS 60 MG,"STRESS PAUSA Frs x 60 Comp.,(+ 20 oferta)",16%,918.00,1491.00
F.J.Campos,TERMÓMETRO,TERMÓMETRO CLASSIC SEM MERCÚRIO-GERATHERM,16%,839.00,1377.00
F.J.Campos,TERMÓMETRO,TERMÓMETRO DIGITAL CLINIC-GERATHERM,16%,552.00,903.00
F.J.Campos,IPECACUANHA + TOLUIFERA + TOLÚ+ANIS VERDE,TOZOBRON XAROPE X 200ml,16%,1059.00,1720.00
Ferraz Lince,Ácido Hialurónico 30mg/100g,AFTASPRAY 30 MG/100 GR Frs. X 20ml,16%,2042.00,3316.00
Ferraz Lince,Ácido Hialurónico 240mg/100g,AFTUM GEL 240MG/100 ORAL Frs. X 10ml,16%,1992.00,3235.00
Ferraz Lince,Benzocaina 50mg/ml,DENTISPRAY 50mg/ml Frs. x 5ml,0%,1146.00,1698.00
Ferraz Lince,LACTULOSE,LAEVOLAC 666.7mg Xarope x Frs x 200ml,0%,666.00,988.00
Ferraz Lince,ISOSSORBIDO,MONOPRONT 20mg Cxs x 60 Comp,0%,590.00,874.00
Ferraz Lince,ISOSSORBIDO,MONOPRONT RETARD 50mg Cxs. X 30 Comp.,0%,616.00,913.00
Gestafarma,Acido Salicilico 270 mg/gr,CALICIDA INDIANO POMADA X 5g,0%,202.00,300.00
Gestafarma,Acido Salicilico 193 mg/ml + Acido Lactico 232 mg/ml,CALICIDA INDIANO SOLUÇÃO X 12ml,0%,230.00,343.00
Gestafarma,Cutelaria,LIMA SAFIRA DE BOLSO (Ref. 6122358),16%,265.00,402.00
Gestafarma,"Cha de Sene Folhas, Cartaegus, Hipericão e Fucus Vesiculosas",OBESYL CHÁ x 100g,16%,422.00,686.00
Gestafarma,CALAMINA + ALOE VERA,SOLPIC LOÇÃO FRS X 125ML,16%,700.00,1135.00
Gestafarma,"Solução isotónica de cloreto de sódio 0,9%",SORO FISIOLÓGICO FRS X 60ML,0%,70.00,98.00
Gestafarma,Cutelaria,TESOURA PELES CURVA (Ref. 6121855),16%,649.00,986.00
Gestafarma,Cutelaria,TESOURA UNHAS CURVA (Ref. 6121863),16%,649.00,986.00
Gestafarma,"Oleo Essencial Tomilho 17,5 mg + Tintura Benjoim 485 mg + Tintra Eucalipto 233 mg",VAPORIL SOLUÇÃO X 100ML,0%,375.00,555.00
Gestafarma,Petrolatum,VASELINA PURIFICADA (PETROLATUM) TUBx40G - 7731646,16%,131.00,212.00
GlaxoSmithKline,FLUTICASONA,AVAMYS SPRAY NASAL Frs x120pulverizações,0%,638.00,945.00
GlaxoSmithKline,SALMETEROL+ FLUTICASONA,SERETAIDE INALADOR 25/125 X120 Doses,0%,1232.00,1826.00
GlaxoSmithKline,SALMETEROL+ FLUTICASONA,SERETAIDE INALADOR 25/250 X120 Doses,0%,1847.00,2738.00
GlaxoSmithKline,SALBUTAMOL,VENTILAN INALADOR AEROSSOL X 200 Doses,0%,381.00,564.00
HIDRODIPRO,Peróxido de Hidrogenio,"Agua Oxigenada 3%, Frs x 250ml",0%,70.00,97.00
HIDRODIPRO,(em branco),"Agua Oxigenada 3%, Frs x 500ml",0%,83.00,117.00
HIDRODIPRO,(em branco),"Alcool Etilico 70% V/V, Frs x 250ml",0%,106.00,148.00
HIDRODIPRO,Iodo,"Iodopovidona 10%, Frs x 125ml",0%,339.00,474.00
HIDRODIPRO,(em branco),"Oleo Amendoas Doces, Frs x 60ml",16%,159.00,259.00
HIDRODIPRO,Iodo 1%,"Tintura de Iodo a 1%, Frs x 30ml",0%,97.00,136.00
HOUSE OF ZINPLEX,"Zinc picolinate 24 mg, Ascorbic acid 20mg, Selenium A AC 2 % 0,5 mg, Cholecalciferol 10 µg (Sugar Free)","ZINPLEX JUNIOR BERRY (SUGAR FREE), FRS X 200ml",16%,317.00,515.00
HOUSE OF ZINPLEX,"Ascorbic acid 500mg, Zinc picolinate 119,2 mg, Selenium AAC 2 % 3 mg, Cholecalciferol 15 µg","ZINPLEX TRIPLE PLUS, FRS X 30 COMPRIMIDOS",16%,377.00,612.00
INTERMAC PHARMACEUTICAL,SERTACONAZOL,"SERAX VAGINAL (Sertaconazole 500mg), Cx x 1 cp",0%,248.00,366.00
Johnson & Johnson,DIFENIDRAMINA+PARACETAMOL+PSEUDOEFEDRINA,BENYLIN 4 FLU Frs. X 200ml,0%,468.00,693.00
Johnson & Johnson,DIFENIDRAMINA+AMÓNIO+GLUCOSE,"BENYLIN ORIGINAL NIGHT COUGH , FRS X200 ML",0%,463.00,686.00
Johnson & Johnson,DIFENIDRAMINA 12.5mg+CODEÍNA 10mg+AMÓNIO 125mg+GLUCOSE,BENYLIN WITH CODEINE Frs. X 100ml,0%,349.00,517.00
Macleods,AMLODIPINA,AMAPINE 10 - Amlodipina 10mg - Cxs x 30 comp.,0%,268.00,397.00
Macleods,AZITROMICINA 200 MG/5 ML,"AZICURE 200, AZITROMICINA 200 MG/5 ML, FRS 30 ML",0%,103.00,152.00
Macleods,AZITROMICINA,AZICURE 500 - Azitromocina 500mg - Cxs x 3 cps,0%,68.00,102.00
Macleods,BUDESONIDA 200 MCG,BUNASE 200 - Budesonida - Cxs x 1UN x 200DOSES,0%,477.00,706.00
Macleods,TADALAFIL,MEGALIS 10 - Tadalafil 10mg - Cxs X 4 Comp.,0%,137.00,203.00
Macleods,TADALAFIL,MEGALIS 20 - Tadalafil 20mg - Cxs X 4 Comp.,0%,205.00,305.00
Macleods,Metildopa 250mg,METHYLDOPA (Metildopa) 250mg 1x10 comp,0%,63.00,93.00
Macleods,ERITROMICINA,MYCIMAC 500 - Eritromicina 500mg - Cxs x 100 comp.,0%,599.00,888.00
Macleods,NIFEDIPINA,NIFADEN 30 LP - Nifedipina 30mg - Cxs 30 Comp,0%,299.00,444.00
Macleods,Butilbrometo de hioscina / butilescopolamina 10mg,ORASPAS - Butilescopolamina 10mg-Cxs x 10cps,0%,70.00,105.00
Macleods,Succinato sódico de Hidrocortisona 100 mg,PRIMACORT 100 - Hidrocortisona 100mg - Frs x 1 Inj,0%,90.00,134.00
Macleods,Hidrocloreto de Tansulosina 0.4mg,TAMSUMAC 0.4 - Tansulosina 0.4mg - Emb x 30 cáps,0%,299.00,444.00
Macleods,Sildenafil 100mg,VEGAMAX 100 - Sildenafil 100mg - Emb x 4 cps,0%,296.00,439.00
Macleods,Sildenafil 50mg,VEGAMAX 50 - Sildenafil 50mg - Emb x 4 cps,0%,210.00,312.00
Medinfar,BUDESONIDO,AEROMAX NASAL 0.1mg/dose X 200 Doses,0%,1013.00,1500.00
Medinfar,Loperamida 2mg,"AERO-OM AntiDiarreico (Loperamida 2mg), Cxs x 12",0%,276.00,410.00
Medinfar,SIMETICONE (DIMETILPOLISSILOXANO) 42 MG,"AERO-OM COMPRIMIDOS, CXS X 100 COMP.",0%,820.00,1215.00
Medinfar,SIMETICONE (DIMETILPOLISSILOXANO) 105 MG/ML,AERO-OM GOTAS FRS X 25 ML,0%,452.00,670.00
Medinfar,ACIDO ACETILSALICILICO,ASP 100mg Cxs x 30 Comp.,0%,248.00,367.00
Medinfar,ACIDO ACETILSALICILICO,ASP 100mg cxs x 60 comp.,0%,388.00,575.00
Medinfar,PINHEIRO+EUCALIPTOL+ALTEIA,BEQUISAN XAROPE Frs . X 200 ml,16%,622.00,1011.00
Medinfar,BETA-HISTINA,BETA-HISTINA GP 16mg Cxs x 60 comp.,0%,259.00,383.00
Medinfar,ASPARTATO ARGININA + VIT B6+MAGNÉSIO,BIORITMO MG+ Cxs X 20 amp.beb 10ml,16%,1154.00,1875.00
Medinfar,Lisado Polibacteriano liofilizado,BRONCHO-VAXOM Adulto Cxs. X 30 Cáps.,0%,3326.00,4930.00
Medinfar,Lisado Polibacteriano liofilizado,BRONCHO-VAXOM INF. Cxs X 30 saqts.,0%,2687.00,3982.00
Medinfar,Lisado Polibacteriano liofilizado,BRONCHO-VAXOM INF. Frs. X 30 Cáps.,0%,1445.00,2143.00
Medinfar,CEFACLOR,CECLOR 500mg - Cxs X 16 CAPS,0%,731.00,1084.00
Medinfar,CEFACLOR,CECLOR 250mg Susp Frs X 120ml,0%,866.00,1283.00
Medinfar,CEFACLOR,CECLOR 375mg Susp X 120ml,0%,1150.00,1705.00
Medinfar,CEFACLOR,CECLOR RETARD 750mg - Cxs X 16 Comp.,0%,1389.00,2057.00
Medinfar,ACICLOVIR,CICLOVIRAL 400mg Cxs X 25 Comp.,0%,639.00,948.00
Medinfar,ACICLOVIR,CICLOVIRAL 800mg Cxs X 25 Comp.,0%,988.00,1464.00
Medinfar,ACICLOVIR,CICLOVIRAL CREME 5% Bisnaga X 10g,0%,202.00,299.00
Medinfar,ACICLOVIR,CICLOVIRAL 200 Mg - Cxs X 25 Comp.,0%,572.00,847.00
Medinfar,DOMPERIDONA,CINET 1mg/ml Susp. Oral Frs x 200ml,0%,366.00,542.00
Medinfar,DOMPERIDONA,CINET 10mg Cxs x 20 comp. dispers.,0%,501.00,743.00
Medinfar,Clonixina 300mg,"CLONIX 300mg (Clonixina), emb x 20 capsulas",0%,649.00,961.00
Medinfar,ÁCIDO ASCÓRBICO,CNERGIL 1g -Cxs X 10 Saq.,0%,340.00,503.00
Medinfar,Rosuvastatina 10mg + Ezetimiba 10mg,COLROSET (Ros. 10mg + Ezetimiba 10mg) Emb x 28cps,0%,1680.00,2490.00
Medinfar,ROSUVASTATINA 20mg + EZETIMIBA 10mg,COLROSET (Ros. 20mg + Ezetimiba 10mg) Emb x 28cps,0%,1848.00,2739.00
Medinfar,ROSUVASTATINA 5MG + EZETIMIBA 10MG,COLROSET (Ros. 5mg + Ezetimiba 10mg) Emb x 28 cps,0%,1848.00,2739.00
Medinfar,DEXAMETASONA 0.5MG,"DECADRON 0.5mg (DEXAMETASONA), EMB X 60 CPS",0%,607.00,898.00
Medinfar,ROSUVASTATINA 10 + AAS 100MG,ESTASP ( ROSUVASTATINA 10mg+ AAS 100mg)Emb 30Caps,0%,830.00,1230.00
Medinfar,ROSUVASTATINA 20MG + ACIDO ACETILSALICILICO 100MG,ESTASP ( ROSUVASTATINA 20 + AAS 100MG) Emb 30Caps,0%,1330.00,1971.00
Medinfar,ROSUVASTATINA 5mg+ AAS 100mg,ESTASP ( ROSUVASTATINA 5mg+ AAS 100mg)Emb 30Caps,0%,525.00,777.00
Medinfar,"ÓXIDO DE ZINCO + ESTERATO DE SORBITANO, ENTRE OUTROS.",HALIBUT DERMA PLUS CREME Bisnaga X 30g,16%,498.00,808.00
Medinfar,Óleo de Girassol e Óxido de Zinco,HALIBUT MUDA FRALDAS CREME PROTECTOR Bisn. X 150g,16%,792.00,1287.00
Medinfar,"Pretolatum, Óxido de Zinco, Nitrato de Miconazol, Tri-hidroxiestearina, Perfume","HALIBUT MUDA FRALDAS POMADA REPARADORA, Bisn x 50g",16%,791.00,1285.00
Medinfar,ZINCO +VITAMINA A e D,HALIBUT POMADA ORIGINAL Bisnaga X 50g,0%,302.00,449.00
Medinfar,ISOTRETINOINA 10mg,ISOTRETINOINA OROTREX 10mg X 30caps,0%,843.00,1249.00
Medinfar,ISOTRETINOINA 20mg,ISOTRETINOINA OROTREX 20mg X 30caps,0%,1381.00,2048.00
Medinfar,MAGNÉSIO,MAGNORAL 1028.4mg/10ml Cxs X 20 amp bebivel,0%,565.00,838.00
Medinfar,Vitamina C + Tiamina (Vit. B1) + GINKO BILOBA,"MAGNORANGE FOCUS, Emb x 60 cps",16%,1211.00,1967.00
Medinfar,SALICILATO DE DIETILAMINA 50 MG/ML,MEDALGINAN GEL Tubo X 100g,0%,462.00,685.00
Medinfar,RAMIPRIL 10MG + AMLODIPINA 10MG,MEPRANIL (RAMIPRIL 10mg+AMLODIPINA 10mg)Emb 28caps,0%,512.00,758.00
Medinfar,RAMIPRIL 5MG + AMLODIPINA 5MG,MEPRANIL (RAMIPRIL 5mg+AMLODIPINA 5mg) Emb 28caps,0%,378.00,560.00
Medinfar,MINOCICLINA,MINOTREX 100mg X 16 Caps.,0%,730.00,1082.00
Medinfar,ACIDO FUSIDICO,NADICLOX 2% POMADA Bisnaga X 15g,0%,229.00,341.00
Medinfar,NAPROXENO,NAPROXENO GP 500mg Cxs x 20 comp.,0%,326.00,483.00
Medinfar,NICOTINAMIDA +ACIDO ACETILSALICILICO+ÁC. GLICÓLICO +ONAGRA,NIACID CREME Bisnaga X 50 GR,16%,1522.00,2472.00
Medinfar,NICOTINAMIDA +ACIDO ACETILSALICILICO+ÁC. GLICÓLICO,NIACID GEL Tubo X 50g,16%,1522.00,2472.00
Medinfar,Higiene + Hidratação,OLEOBAN BANHO BEBE X 300ml,16%,1547.00,2513.00
Medinfar,(em branco),"OLEOBAN CREME ANTIPRURIDO, BISNAGASx100g - 6061796",16%,769.00,1248.00
Medinfar,Higiene + Hidratação,OLEOBAN CREME BEBE Bisnaga x 250g (200gr+ 25%),16%,901.00,1464.00
Medinfar,Higiene + Hidrataçãp,OLEOBAN CREME DIARIO 250g (200gr+ 25%),16%,913.00,1482.00
Medinfar,Higiene + Hidratação,OLEOBAN CREME GORDO X 170ML,16%,1433.00,2327.00
Medinfar,Higiene + Hidratação,OLEOBAN Duche Diário X 300ml,16%,837.00,1359.00
Medinfar,Higiene + Hidratação,OLEOBAN SABONETE BEBE X 100 G,16%,434.00,705.00
Medinfar,Higiene + Hidratação,OLEOBAN SABONETE DIARIO X 100g,16%,380.00,616.00
Medinfar,PARACETAMOL 1 GR,"PARACETAMOL GP 1g, CXS X 20 COMP.",0%,67.00,100.00
Medinfar,PARACETAMOL,PARAMOLAN 250mg Cxs. X 5 Supositórios,0%,124.00,184.00
Medinfar,PARACETAMOL,PARAMOLAN 500mg Cxs. X 20 Comp.,0%,103.00,152.00
Medinfar,PARACETAMOL,PARAMOLAN Susp.Oral Frs. X 200ml,0%,306.00,453.00
Medinfar,PARACETAMOL,PARAMOLAN 125mg Cxs.1 fita cont. X 5 Supositorios,0%,131.00,193.00
Medinfar,PARACETAMOL + VITAMINA C,PARAMOLAN C 500+250mg Cxs. X 20 Saq,0%,374.00,554.00
Medinfar,Paracetamol 500mg + Cafeína 65mg,PARAMOLAN CAF (Paracetamol+Cafeina) Emb x 20 cps,0%,224.00,332.00
Medinfar,Dietiltoluamida 20%,PREVIPIQ OUTDOOR 20% ROLL-ON Fr x50 ml,16%,730.00,1186.00
Medinfar,DIETILTOLUAMIDA 50%,PREVIPIQ TROPICS 50% ROLL-ON Fr x50 ml,16%,762.00,1238.00
Medinfar,OMEPRAZOL,PROTON 20mg Cxs X 56 Caps,0%,588.00,871.00
Medinfar,SALBUTAMOL,SALBUTAMOL GP100mcg/dose Susp. Frs 10ml x 200doses,0%,250.00,369.00
Medinfar,Acetonido de Fluocinolona,"SYNALAR CREME, Emb x 1 bis x 30g",0%,481.00,713.00
Medinfar,Sulfato de Neomicina 3.50mg/g + Acetonido de Fluocinolona 0.25mg/g,"SYNALAR N CREME, Emb x 1 bis x 40g",0%,610.00,903.00
Medinfar,Acetonido de Fluocinolona 0.10mg/g+Clor. de Lidocaina 20mg/g+Sub. de Bismuto 50mg/g,"SYNALAR RECTAL POMADA, Emb x 1 bis x 40g",0%,1101.00,1633.00
Medinfar,"CLRIDRATO DE BROMEXINA 0,8 MG/ML",TOSSEQUE XAROPE Frs. x 200ml,0%,306.00,453.00
Medinfar,MINOXIDIL,TRICOVIVAX 2% 20mg/ml Frs x100ml,0%,1098.00,1628.00
Medinfar,MINOXIDIL,TRICOVIVAX 5% 50mg/ml Frs x 100ml,0%,1463.00,2169.00
Medinfar,PARACETAMOL 500mg + IBUPROFENO 200mg,TRIFEDUO(Paracetamol 500+Ibuprofeno 200)Emb x 20cp,0%,425.00,630.00
Medinfar,IBUPROFENO,TRIFENE 200 mg X 20 Comp.,0%,173.00,256.00
Medinfar,IBUPROFENO,TRIFENE 400 mg Cxs x 20 comp.,0%,192.00,285.00
Medinfar,IBUPROFENO,TRIFENE 400 mg Cxs. X 60 Comp.,0%,343.00,510.00
Medinfar,IBUPROFENO,TRIFENE 100mg/ 5ml Susp.Oral Frs X 200 ml,0%,313.00,464.00
Medinfar,CAFEINA,"TRIKARE-C CHAMPÔ ANTI-QUEDA, Frs x 200ml",16%,1214.00,1972.00
Medinfar,"Queratina, zinco, selénio, vitamina B6, L-cistina e biotina","TRIZATEK, Emb x 60 comprimidos",16%,1312.00,2131.00
Medinfar,HIGIENE E HIDRATAÇÃO LIPIDOS,XERATOP LEITE CORPORAL Frs. X 500ml,16%,2215.00,3598.00
Medinfar,HIGIENE E HIDRATAÇÃO LIPIDOS,XERATOP PLUS DUCHE Frs. X 500ml,16%,2353.00,3821.00
Medinfar,ZINCO ( GLUCONATO DE ZINCO ),ZITREX Cxs x 60 cáps.,16%,842.00,1368.00
MEDOCHEMIE,Levofloxacina 500mg,"AMESOL (Levofloxacina 500mg), Cxs x 10 cps revest.",0%,584.00,866.00
MEDOCHEMIE,Guaifenasina 100mg+Dextrometorfano15mg+Pseudoefedrina 20mg,"MEDOFED COMPOUND, Frs x 100ml",0%,206.00,306.00
Milan Labs,COTRIMOXAZOL 480 MG,BETRIM 480mg - Cxs X 100 Comp.,0%,68.00,100.00
Milan Labs,Ciprofloxacina,CIPROMED 500mg -Cxs 10 X 10 Comp.,0%,297.00,441.00
Milan Labs,DICLOFENAC 50 MG + PARACETAMOL 500 MG,DICLOFORTE- Cxs. X 100 Comp,0%,126.00,186.00
Milan Labs,HIDROXIDO ALUMINIO+ MAGNESIO + SIMETICONE,GASTRALGIN SUSP Frs. X 200ml,0%,65.00,96.00
Milan Labs,CLORFENIRAMINA,MILMALEATE 4mg- Cxs. 10x10 comp.,0%,56.00,82.00
Milan Labs,AMOXICILINA,MILOXY 500- Cxs.10X10 caps,0%,331.00,491.00
Milan Labs,AMOXICILINA 250 MG,MILOXY-S SUSP.250mg Frs. X 100ml,0%,69.00,103.00
Milan Labs,PARACETAMOL 120 MG/5 ML,MILPOL SYRUP Frs X 100ml (paracetamol),0%,52.00,77.00
Milan Labs,PARACETAMOL,MILZOR 500mg Cxs. 10 X 10 Comp.(paracetamol),0%,34.00,50.00
Novartis,ARTEMETHER+ LUMEFANTRINA,COARTEM 20/120 - Cxs X 24 Comp.,0%,216.00,320.00
Novartis,ARTEMETHER+ LUMEFANTRINA,COARTEM D CX 1 X 6 COMP. DISPERSIVEIS (BEBE),0%,105.00,156.00
Novartis,Amlodipina 10mg + Valsartan 160mg,EXFORGE FCT 10/160 Cxs x 28comp,0%,1506.00,2232.00
Novartis,Amlodipina 10mg + Valsartan 160mg + Hidroclortiazida 25mg,EXFORGE HCT 10/160/25 Cxs x 28 comp,0%,1530.00,2268.00
Novartis,Amlodipina 5mg + Valsartan 160mg + Hidroclortiazida 25mg,EXFORGE HCT 5/160/25 Cxs x 28 Comp,0%,1374.00,2037.00
Novartis,Vildagliptin 50mg + Metformina 1g,GALVUS MET 50/1000 Cxs. X 30 Comp,0%,929.00,1378.00
Novartis,Vildagliptin 50mg + Metformina 500mg,GALVUS MET 50/500 Cxs. X 30 Comp,0%,933.00,1383.00
Novartis,Valsartan 160mg,TAREG 160 Cxs x 28 comp,0%,874.00,1296.00
Novartis,Valsartan 80mg,TAREG 80 Cxs x 28 comp,0%,750.00,1112.00
P S I,(em branco),CORTINA 150 L/200 ALTURA,0%,154.00,216.00
Reckitt Benckiser,LATEX,"DUREX PERFORMA, Emb x 3 unidades",0%,108.00,151.00
Reckitt Benckiser,LATEX,"DUREX PLEASURE ME, CXS X 3 UNIDADES",0%,108.00,151.00
Reckitt Benckiser,POLISOPRENO SEM LATEX,"DUREX REAL FEEL, EM POLISOPRENO, SEM LATEX x 3 UN",0%,162.00,227.00
Reckitt Benckiser,Alginato Sódio 500mg + Bicarboonato Sódio 213mg + Carbonato Cálcio 325mg,"GAVISCON DUEFET, Cxs x 12 saquetas x 10ml",0%,435.00,645.00
Reckitt Benckiser,"1,2 MG ALCOOL DICLOROBENZILICO + 0,6 MG AMILMETACRESOL","STREPSILS LARANJA COM VIT. C, CXS. X 24 Past.",0%,286.00,424.00
Reckitt Benckiser,"1,2 MG ALCOOL DICLOROBENZILICO + 0,6 MG AMILMETACRESOL","STREPSILS MEL E LIMÃO, CXS. X 24 past.",0%,286.00,424.00
Sheka Trading C.C,Produtos Saude,"ADESIVO PAPER TAPE (ANTI-ALERGICO) 2,5cm x3m-1un",0%,18.00,26.00
Sheka Trading C.C,Algodão,ALGODÃO HI-CARE (COTTON WOOL) X 500g,16%,623.00,1011.00
Sheka Trading C.C,Estetoscopio,DELUXE STETHOSCOPE,16%,263.00,426.00
Sheka Trading C.C,(em branco),"GLOVES EXAMINATION P/FREE, LARGE, 100 UN",0%,564.00,790.00
Sheka Trading C.C,(em branco),"GLOVES EXAMINATION P/FREE, MEDIUM 100 UN",0%,789.00,1104.00
Sheka Trading C.C,Estetoscopio,OTTOSCOPE UNIVERSAL,16%,3573.00,5002.00
Sheka Trading C.C,Teste,TESTE GRAVIDEZ (PREGNANCY) CASSETTE - Cxs x 20s,0%,1554.00,2176.00
Sheka Trading C.C,(em branco),TESTE HIV SINGLE - 1'S,0%,315.00,441.00
SPECPHARM,OXITOCINA 5 IU,"SPEC OXYTOCIN 5IU, Emb x 10 ampolas (2-8ºC)",0%,986.00,1461.00
Uriach,Geleia real fresca+mel+ómega 3-DHA+vit. E+Complexo B+vit. c+ Vit. D3,CEREGUMIL PEDIATRICO X 250ml,16%,1947.00,3163.00
Uriach,EXTRACTOS DE CEREAIS E LEGUMINOSAS,CEREGUMIL XAROPE Frs. X 200 ml,16%,1192.00,1935.00
Victória,BROMAZEPAM,"BROMALEX 1,5mg- Cxs X 40 Comp.",0%,335.00,498.00
Victória,BROMAZEPAM,BROMALEX 3mg- Cxs X 40 Comp.,0%,362.00,536.00
Victória,FENITOÍNA,HIDANTINA SIMPLES 100mg Cxs. X 60 Comp.,0%,356.00,528.00
Victória,"0,12 Digluconato de Clorhexidina + 0,05 Cloreto de Cetilpiridinio","PERIO-AID INTENSIVE CARE, EMB x 500ml",16%,810.00,1315.00
Victória,HIDROSMINA,VENOSMIL 200mg Cxs. X 60 Caps.,0%,1105.00,1640.00
Victória,ESCOVA DENTES,VITIS ACCESS MEDIA - ESCOVA DENTES,16%,361.00,592.00
Victória,PASTA DENTES,VITIS ANTICARIES - PASTA DENTIFRICA TUBO X 100 ML,16%,602.00,977.00
Victória,ELIXIR,VITIS ANTICARIES COLUTORIO FRS X 500 ML,16%,706.00,1147.00
Victória,(em branco),"VITIS ESCOVILHÃO INTERPROX 4G MICRO - 6 unid.(0,9)",16%,422.00,685.00
Victória,(em branco),"VITIS ESCOVILHÃO INTERPROX 4G NANO - 6 unid. (0,6)",16%,422.00,685.00
Victória,(em branco),"VITIS ESCOVILHÃO INTERPROX 4G SUPERMICRO-6uni(0,7)",16%,422.00,685.00
Victória,FITA DENTAL,VITIS FITA DENTARIA ENCERADO COM FLUOR E MENTA,16%,385.00,625.00
Victória,ESCOVA DENTES,VITIS GINGIVAL - ESCOVA DENTES,16%,385.00,625.00
Victória,ELIXIR,VITIS GINGIVAL COLUTORIO FRS X 500 ML,16%,639.00,1039.00
Victória,ESCOVA DENTES,VITIS JUNIOR - ESCOVA DENTES,16%,340.00,551.00
Victória,ESCOVA DENTES,VITIS MEDIA - ESCOVA DENTES,16%,346.00,562.00
Victória,ESCOVA DENTES,VITIS SENSITIVE - ESCOVA DENTES,16%,382.00,620.00
Victória,ESCOVA DENTES,VITIS SURGICAL - ESCOVA DENTES,16%,441.00,721.00
