method,path
DELETE,/v1/request-lines/{line_id}
GET,/healthz
GET,/readyz
GET,/v1/assistant/capabilities
GET,/v1/assistant/order-patterns
GET,/v1/assistant/replenishment
GET,/v1/assistant/savings
GET,/v1/assistant/stock-risks
GET,/v1/assistant/summary
GET,/v1/auth/me
GET,/v1/cart
GET,/v1/catalogue/filters
GET,/v1/catalogue/products/{product_id}
GET,/v1/catalogue/search
GET,/v1/catalogue/shelf
GET,/v1/catalogue/shelves
GET,/v1/consents
GET,/v1/credit-exposure/summary
GET,/v1/credit-facilities
GET,/v1/credit-facilities/{facility_id}
GET,/v1/credit-facilities/{facility_id}/ledger
GET,/v1/credit-facilities/{facility_id}/statement
GET,/v1/credit-notes
GET,/v1/delivery-jobs/{job_id}
GET,/v1/demand-gaps
GET,/v1/demand-gaps/summary
GET,/v1/disputes
GET,/v1/disputes/{dispute_id}
GET,/v1/intake/queue
GET,/v1/intake/{request_id}
GET,/v1/invoices
GET,/v1/invoices/{invoice_id}
GET,/v1/licences
GET,/v1/licences/{licence_id}
GET,/v1/licences/{licence_id}/transitions
GET,/v1/memberships
GET,/v1/notifications
GET,/v1/notifications-admin/queue
GET,/v1/notifications-admin/summary
GET,/v1/notifications/unread-count
GET,/v1/notifications/{notification_id}
GET,/v1/ops/audit-events
GET,/v1/ops/config
GET,/v1/ops/config/{key}
GET,/v1/ops/dashboard
GET,/v1/ops/data-subject-requests
GET,/v1/ops/machines
GET,/v1/ops/mode-switches
GET,/v1/ops/mode-switches/{switch_id}
GET,/v1/ops/orders
GET,/v1/ops/orders/{order_id}
GET,/v1/ops/pms-links
GET,/v1/ops/queues/licences-expiring
GET,/v1/ops/queues/overdue-timers
GET,/v1/ops/queues/verification
GET,/v1/ops/ranking-audits
GET,/v1/ops/ranking-audits/latest
GET,/v1/ops/sla-timers
GET,/v1/ops/state-transitions
GET,/v1/ops/traceability/{order_id}
GET,/v1/ops/vendor-scores
GET,/v1/ops/vendors/{vendor_id}/health
GET,/v1/orders/{order_id}
GET,/v1/organisations
GET,/v1/organisations/{organisation_id}
GET,/v1/payments
GET,/v1/pharmacies
GET,/v1/pharmacies/{pharmacy_id}
GET,/v1/price-lists/template
GET,/v1/price-lists/{version_id}
GET,/v1/price-lists/{version_id}/preview
GET,/v1/price-lists/{version_id}/report
GET,/v1/price-lists/{version_id}/rows
GET,/v1/regions
GET,/v1/requests
GET,/v1/requests/{request_id}
GET,/v1/requests/{request_id}/priced
GET,/v1/requests/{request_id}/transitions
GET,/v1/returns
GET,/v1/returns/{return_id}
GET,/v1/support/threads
GET,/v1/support/threads/me
GET,/v1/support/threads/{thread_id}
GET,/v1/support/tickets
GET,/v1/support/tickets/{ticket_id}
GET,/v1/terms
GET,/v1/terms/{code}/current
GET,/v1/users/{user_id}
GET,/v1/vendor-agreements
GET,/v1/vendors
GET,/v1/vendors/{vendor_id}
GET,/v1/vendors/{vendor_id}/column-mappings
GET,/v1/vendors/{vendor_id}/price-lists
GET,/v1/verification-cases
GET,/v1/verification-cases/{case_id}
PATCH,/v1/credit-facilities/{facility_id}
PATCH,/v1/pharmacies/{pharmacy_id}
PATCH,/v1/request-lines/{line_id}
PATCH,/v1/support/tickets/{ticket_id}
PATCH,/v1/vendors/{vendor_id}
POST,/v1/admin/jobs/tick
POST,/v1/assistant/ask
POST,/v1/auth/login
POST,/v1/auth/logout
POST,/v1/auth/select-membership
POST,/v1/cart/lines
POST,/v1/consents/{consent_id}/withdraw
POST,/v1/credit-facilities
POST,/v1/credit-facilities/{facility_id}/adjustments
POST,/v1/credit-facilities/{facility_id}/gate-check
POST,/v1/credit-facilities/{facility_id}/reinstate
POST,/v1/credit-facilities/{facility_id}/suspend
POST,/v1/credit-notes
POST,/v1/delivery-jobs/{job_id}/assign
POST,/v1/delivery-jobs/{job_id}/attempts
POST,/v1/delivery-jobs/{job_id}/reschedule
POST,/v1/delivery-jobs/{job_id}/start
POST,/v1/disputes
POST,/v1/disputes/{dispute_id}/assign
POST,/v1/disputes/{dispute_id}/escalate
POST,/v1/disputes/{dispute_id}/resolve
POST,/v1/intake/file
POST,/v1/intake/phone-call
POST,/v1/intake/photo
POST,/v1/intake/pms
POST,/v1/intake/text
POST,/v1/intake/voice
POST,/v1/intake/{request_id}/transcribe
POST,/v1/invoices/{invoice_id}/write-off
POST,/v1/licences
POST,/v1/licences/{licence_id}/approve
POST,/v1/licences/{licence_id}/open-review
POST,/v1/licences/{licence_id}/reject
POST,/v1/licences/{licence_id}/renew
POST,/v1/memberships
POST,/v1/memberships/{membership_id}/revoke
POST,/v1/notifications/dispatch
POST,/v1/notifications/read-all
POST,/v1/notifications/{notification_id}/read
POST,/v1/ops/data-subject-requests
POST,/v1/ops/data-subject-requests/{request_id}/decide
POST,/v1/ops/mode-switches
POST,/v1/ops/mode-switches/{switch_id}/check-gates
POST,/v1/ops/mode-switches/{switch_id}/flip
POST,/v1/ops/mode-switches/{switch_id}/gates-failed
POST,/v1/ops/mode-switches/{switch_id}/gates-passed
POST,/v1/ops/mode-switches/{switch_id}/rollback
POST,/v1/order-lines/{line_id}/pick
POST,/v1/order-lines/{line_id}/reroute-decision
POST,/v1/orders/{order_id}/accept
POST,/v1/orders/{order_id}/compliance-halt
POST,/v1/orders/{order_id}/dispatch
POST,/v1/orders/{order_id}/invoice
POST,/v1/orders/{order_id}/receipt
POST,/v1/orders/{order_id}/reject
POST,/v1/organisations
POST,/v1/payments
POST,/v1/pharmacies
POST,/v1/pharmacies/{pharmacy_id}/approve
POST,/v1/pharmacies/{pharmacy_id}/close
POST,/v1/pharmacies/{pharmacy_id}/reinstate
POST,/v1/pharmacies/{pharmacy_id}/reject
POST,/v1/pharmacies/{pharmacy_id}/resubmit
POST,/v1/pharmacies/{pharmacy_id}/suspend
POST,/v1/price-list-rows/{row_id}/resolve
POST,/v1/price-lists/{version_id}/discard
POST,/v1/price-lists/{version_id}/publish
POST,/v1/request-lines/{line_id}/allocate
POST,/v1/request-lines/{line_id}/resolve
POST,/v1/requests
POST,/v1/requests/{request_id}/abandon
POST,/v1/requests/{request_id}/admin-approve
POST,/v1/requests/{request_id}/admin-reject
POST,/v1/requests/{request_id}/cancel
POST,/v1/requests/{request_id}/checkout
POST,/v1/requests/{request_id}/confirm
POST,/v1/requests/{request_id}/lines
POST,/v1/requests/{request_id}/normalization-complete
POST,/v1/requests/{request_id}/request-changes
POST,/v1/requests/{request_id}/submit
POST,/v1/returns
POST,/v1/returns/{return_id}/approve
POST,/v1/returns/{return_id}/receive
POST,/v1/returns/{return_id}/reject
POST,/v1/returns/{return_id}/ship
POST,/v1/support/threads/me/escalate
POST,/v1/support/threads/me/messages
POST,/v1/support/threads/{thread_id}/messages
POST,/v1/support/threads/{thread_id}/take-over
POST,/v1/support/tickets/{ticket_id}/close
POST,/v1/support/tickets/{ticket_id}/resolve
POST,/v1/terms/accept
POST,/v1/users
POST,/v1/vendor-agreements
POST,/v1/vendors
POST,/v1/vendors/{vendor_id}/approve
POST,/v1/vendors/{vendor_id}/attestation
POST,/v1/vendors/{vendor_id}/close
POST,/v1/vendors/{vendor_id}/price-lists
POST,/v1/vendors/{vendor_id}/reinstate
POST,/v1/vendors/{vendor_id}/reject
POST,/v1/vendors/{vendor_id}/resubmit
POST,/v1/vendors/{vendor_id}/suspend
POST,/v1/verification-cases
POST,/v1/verification-cases/{case_id}/assign
POST,/v1/verification-cases/{case_id}/decide
PUT,/v1/ops/config/{key}
PUT,/v1/price-lists/{version_id}/mapping
